1e-05,2.03545455
2e-05,2.07117085212267
3e-05,2.10714920397135
4e-05,2.14338814584602
5e-05,2.17988621768997
6e-05,2.21664195911771
7e-05,2.25365390944286
8e-05,2.29092060770599
9e-05,2.32844059270231
0.0001,2.36621240300935
0.00011,2.40423457701453
0.00012,2.44250565294263
0.00013,2.48102416888321
0.00014,2.51978866281791
0.00015,2.55879767264776
0.00016,2.59804973622028
0.00017,2.6375433913566
0.00018,2.67727717587843
0.00019,2.71724962763502
0.0002,2.75745928452997
0.00021,2.79790468454798
0.00022,2.83858436578155
0.00023,2.87949686645753
0.00024,2.92064072496365
0.00025,2.96201447987493
0.00026,3.00361666998004
0.00027,3.0454458343075
0.00028,3.08750051215192
0.00029,3.12977924310002
0.0003,3.17228056705668
0.00031,3.21500302427081
0.00032,3.25794515536122
0.00033,3.30110550134234
0.00034,3.34448260364988
0.00035,3.3880750041664
0.00036,3.43188124524683
0.00037,3.47589986974381
0.00038,3.52012942103305
0.00039,3.56456844303857
0.0004,3.60921548025777
0.00041,3.65406907778657
0.00042,3.6991277813443
0.00043,3.74439013729864
0.00044,3.78985469269037
0.00045,3.8355199952581
0.00046,3.88138459346285
0.00047,3.92744703651262
0.00048,3.97370587438681
0.00049,4.02015965786055
0.0005,4.06680693852901
0.00051,4.11364626883151
0.00052,4.16067620207565
0.00053,4.20789529246129
0.00054,4.25530209510446
0.00055,4.30289516606117
0.00056,4.35067306235112
0.00057,4.39863434198136
0.00058,4.44677756396983
0.00059,4.49510128836881
0.0006,4.54360407628828
0.00061,4.59228448991919
0.00062,4.64114109255668
0.00063,4.69017244862312
0.00064,4.73937712369115
0.00065,4.78875368450658
0.00066,4.83830069901119
0.00067,4.88801673636549
0.00068,4.93790036697133
0.00069,4.98795016249447
0.0007,5.03816469588699
0.00071,5.0885425414097
0.00072,5.13908227465437
0.00073,5.18978247256594
0.00074,5.24064171346457
0.00075,5.29165857706764
0.00076,5.34283164451167
0.00077,5.39415949837411
0.00078,5.44564072269503
0.00079,5.4972739029988
0.0008,5.54905762631555
0.00081,5.60099048120265
0.00082,5.65307105776602
0.00083,5.7052979476814
0.00084,5.75766974421549
0.00085,5.81018504224703
0.00086,5.86284243828771
0.00087,5.91564053050312
0.00088,5.96857791873348
0.00089,6.02165320451432
0.0009,6.07486499109708
0.00091,6.12821188346964
0.00092,6.18169248837666
0.00093,6.23530541433992
0.00094,6.28904927167855
0.00095,6.34292267252909
0.00096,6.3969242308656
0.00097,6.45105256251949
0.00098,6.50530628519943
0.00099,6.55968401851105
0.001,6.61418438397659
0.00101,6.66880600505448
0.00102,6.72354750715873
0.00103,6.77840751767835
0.00104,6.83338466599657
0.00105,6.88847758351004
0.00106,6.94368490364788
0.00107,6.99900526189065
0.00108,7.05443729578928
0.00109,7.10997964498379
0.0011,7.16563095122203
0.00111,7.22138985837825
0.00112,7.2772550124716
0.00113,7.33322506168454
0.00114,7.38929865638115
0.00115,7.44547444912534
0.00116,7.50175109469895
0.00117,7.55812725011978
0.00118,7.61460157465952
0.00119,7.67117272986158
0.0012,7.72783937955881
0.00121,7.78460018989112
0.00122,7.84145382932306
0.00123,7.89839896866123
0.00124,7.95543428107164
0.00125,8.01255844209697
0.00126,8.06977012967367
0.00127,8.12706802414912
0.00128,8.18445080829849
0.00129,8.24191716734167
0.0013,8.29946578895999
0.00131,8.35709536331294
0.00132,8.41480458305473
0.00133,8.47259214335075
0.00134,8.53045674189397
0.00135,8.58839707892126
0.00136,8.64641185722949
0.00137,8.70449978219174
0.00138,8.76265956177319
0.00139,8.82088990654712
0.0014,8.87918952971063
0.00141,8.93755714710041
0.00142,8.9959914772083
0.00143,9.05449124119688
0.00144,9.1130551629148
0.00145,9.17168196891218
0.00146,9.23037038845579
0.00147,9.28911915354419
0.00148,9.34792699892279
0.00149,9.40679266209875
0.0015,9.46571488335585
0.00151,9.52469240576923
0.00152,9.58372397522002
0.00153,9.64280834040992
0.00154,9.70194425287564
0.00155,9.76113046700327
0.00156,9.82036574004253
0.00157,9.87964883212095
0.00158,9.93897850625796
0.00159,9.99835352837881
0.0016,10.0577726673285
0.00161,10.1172346948856
0.00162,10.1767383857758
0.00163,10.2362825176857
0.00164,10.2958658712761
0.00165,10.3554872301954
0.00166,10.4151453810934
0.00167,10.4748391136337
0.00168,10.5345672205073
0.00169,10.5943284974457
0.0017,10.6541217432337
0.00171,10.7139457597218
0.00172,10.7737993518399
0.00173,10.8336813276088
0.00174,10.8935904981537
0.00175,10.9535256777161
0.00176,11.0134856836663
0.00177,11.0734693365156
0.00178,11.1334754599285
0.00179,11.1935028807349
0.0018,11.2535504289419
0.00181,11.3136169377456
0.00182,11.3737012435432
0.00183,11.4338021859443
0.00184,11.4939186077827
0.00185,11.5540493551279
0.00186,11.6141932772966
0.00187,11.6743492268636
0.00188,11.7345160596736
0.00189,11.7946926348517
0.0019,11.8548778148149
0.00191,11.9150704652829
0.00192,11.9752694552889
0.00193,12.03547365719
0.00194,12.0956819466787
0.00195,12.1558954419901
0.00196,12.2157548528604
0.00197,12.2752598553073
0.00198,12.3344101328981
0.00199,12.3932053767382
0.002,12.4516452854591
0.00201,12.5097295652072
0.00202,12.5674579296314
0.00203,12.6248300998715
0.00204,12.6818458045462
0.00205,12.7385047797404
0.00206,12.7948067689936
0.00207,12.8507515232867
0.00208,12.9063388010302
0.00209,12.961568368051
0.0021,13.01643999758
0.00211,13.0709534702387
0.00212,13.1251085740271
0.00213,13.1789051043097
0.00214,13.2323428638027
0.00215,13.2854216625607
0.00216,13.3381413179633
0.00217,13.3905016547013
0.00218,13.4425025047632
0.00219,13.4941437074217
0.0022,13.5454251092194
0.00221,13.5963465639551
0.00222,13.6469079326694
0.00223,13.6971090836313
0.00224,13.7469498923227
0.00225,13.7964302414253
0.00226,13.8455500208051
0.00227,13.8943091274982
0.00228,13.9427074656961
0.00229,13.990744946731
0.0023,14.0384214890605
0.00231,14.0857370182531
0.00232,14.1326914669725
0.00233,14.1792847749629
0.00234,14.2255168890334
0.00235,14.2713877630427
0.00236,14.3168973578835
0.00237,14.362045641467
0.00238,14.4068325887069
0.00239,14.4512581815041
0.0024,14.4953224087303
0.00241,14.5390252662122
0.00242,14.5823667567155
0.00243,14.6253468899283
0.00244,14.6679656824455
0.00245,14.7102231577518
0.00246,14.7521193462053
0.00247,14.7936542850212
0.00248,14.8348280182551
0.00249,14.8756405967859
0.0025,14.9160920782994
0.00251,14.9561825272708
0.00252,14.9959120149485
0.00253,15.035280619336
0.00254,15.0742884251754
0.00255,15.1129355239299
0.00256,15.1512220137663
0.00257,15.1891479995375
0.00258,15.2267135927651
0.00259,15.2639189116218
0.0026,15.3007640809134
0.00261,15.3372492320612
0.00262,15.3733745030837
0.00263,15.4091400385794
0.00264,15.4445459897078
0.00265,15.4795925141718
0.00266,15.5142797761994
0.00267,15.5486079465251
0.00268,15.5825772023718
0.00269,15.6161877274322
0.0027,15.6494397118499
0.00271,15.6823333522016
0.00272,15.7148688514772
0.00273,15.7470464190619
0.00274,15.7788662707172
0.00275,15.8103286285612
0.00276,15.8414337210506
0.00277,15.8721817829607
0.00278,15.9025730553667
0.00279,15.9326077856242
0.0028,15.96228622735
0.00281,15.9916086404026
0.00282,16.0205752908626
0.00283,16.0491864510131
0.00284,16.0774423993203
0.00285,16.1053434204137
0.00286,16.1328898050661
0.00287,16.1600818501738
0.00288,16.1869198587368
0.00289,16.2134041398388
0.0029,16.2395350086268
0.00291,16.2653127862914
0.00292,16.2907378000462
0.00293,16.3158103831078
0.00294,16.3405308746752
0.00295,16.3648996199096
0.00296,16.3889169699137
0.00297,16.4125832817113
0.00298,16.4358989182267
0.00299,16.4588642482637
0.003,16.4814796464853
0.00301,16.5037454933927
0.00302,16.5256621753042
0.00303,16.5472300843346
0.00304,16.568449618374
0.00305,16.5893211810667
0.00306,16.6098451817904
0.00307,16.6300220356344
0.00308,16.6498521633791
0.00309,16.669335991474
0.0031,16.6884739520167
0.00311,16.7072664827316
0.00312,16.725714026948
0.00313,16.743817033579
0.00314,16.7615759570994
0.00315,16.7789912575246
0.00316,16.7960634003886
0.00317,16.8127928567221
0.00318,16.8291801030309
0.00319,16.8452256212741
0.0032,16.8609298988418
0.00321,16.8762934285335
0.00322,16.8913167085359
0.00323,16.9060002424009
0.00324,16.9203445390231
0.00325,16.9343501126183
0.00326,16.9480174827007
0.00327,16.9613471740606
0.00328,16.9743397167424
0.00329,16.9869956460222
0.0033,16.9993155023849
0.00331,17.0112998315023
0.00332,17.02294918421
0.00333,17.0342641164855
0.00334,17.0452451894249
0.00335,17.0558929692207
0.00336,17.0662080271388
0.00337,17.076190939496
0.00338,17.0858422876369
0.00339,17.0951626579113
0.0034,17.1041526416513
0.00341,17.1128128351481
0.00342,17.1211438396295
0.00343,17.1291462612363
0.00344,17.1368207109998
0.00345,17.1441678048183
0.00346,17.1511881634343
0.00347,17.157882412411
0.00348,17.1642511821094
0.00349,17.1702951076646
0.0035,17.1760148289632
0.00351,17.1814109906194
0.00352,17.1864842419517
0.00353,17.1912352369598
0.00354,17.195664634301
0.00355,17.1997730972667
0.00356,17.2035612937589
0.00357,17.2070298962667
0.00358,17.2101795818428
0.00359,17.2130110320797
0.0036,17.2155249330865
0.00361,17.2177219754646
0.00362,17.2196028542844
0.00363,17.2211682690617
0.00364,17.2224189237336
0.00365,17.223355526635
0.00366,17.2239787904746
0.00367,17.224289432311
0.00368,17.2242881735292
0.00369,17.2239757398163
0.0037,17.2233528611377
0.00371,17.2224202717133
0.00372,17.2211787099933
0.00373,17.2196289186343
0.00374,17.2177716444754
0.00375,17.2156076385139
0.00376,17.2131376558814
0.00377,17.2103624558196
0.00378,17.2072828016563
0.00379,17.2038994607811
0.0038,17.2002132046214
0.00381,17.1962248086181
0.00382,17.1919350522014
0.00383,17.1873447187666
0.00384,17.1824545956501
0.00385,17.1772654741044
0.00386,17.1717781492748
0.00387,17.1659934201742
0.00388,17.1599120896595
0.00389,17.1535349644068
0.0039,17.1468628548872
0.00391,17.1398965753423
0.00392,17.1326369437602
0.00393,17.1248688301516
0.00394,17.1171023810568
0.00395,17.109337775902
0.00396,17.1015751766327
0.00397,17.0938147294022
0.00398,17.0860565660964
0.00399,17.0783008057117
0.004,17.0705475555994
0.00401,17.0627969125906
0.00402,17.0550489640122
0.00403,17.0473037886041
0.00404,17.0395614573491
0.00405,17.0318220342218
0.00406,17.0240855768653
0.00407,17.0163521372026
0.00408,17.0086217619894
0.00409,17.0008944933127
0.0041,16.993170369042
0.00411,16.9854494232363
0.00412,16.9777316865124
0.00413,16.9700171863774
0.00414,16.9623059475287
0.00415,16.9545979921257
0.00416,16.9468933400348
0.00417,16.9391920090511
0.00418,16.931494015098
0.00419,16.9237993724086
0.0042,16.9161080936886
0.00421,16.9084201902638
0.00422,16.9007356722139
0.00423,16.8930545484922
0.00424,16.8853768270351
0.00425,16.87770251486
0.00426,16.8700316181541
0.00427,16.8623641423548
0.00428,16.854700092222
0.00429,16.8470394719038
0.0043,16.8393822849954
0.00431,16.8317285345929
0.00432,16.824078223341
0.00433,16.8164313534774
0.00434,16.8087879268714
0.00435,16.8011479450602
0.00436,16.7935114092806
0.00437,16.7858783204983
0.00438,16.778248679434
0.00439,16.7706224865874
0.0044,16.7629997422582
0.00441,16.7553804465657
0.00442,16.7477645994665
0.00443,16.7401522007698
0.00444,16.7325432501522
0.00445,16.7249377471701
0.00446,16.7173356912718
0.00447,16.7097370818078
0.00448,16.7021419180402
0.00449,16.6945501991516
0.0045,16.6869619242526
0.00451,16.6793770923889
0.00452,16.6717957025477
0.00453,16.6642177536633
0.00454,16.6566432446223
0.00455,16.6490721742685
0.00456,16.6415045414066
0.00457,16.6339403448066
0.00458,16.6263795832069
0.00459,16.6188222553175
0.0046,16.6112683598228
0.00461,16.603717895384
0.00462,16.5961708606419
0.00463,16.5886272542182
0.00464,16.5810870747181
0.00465,16.5735503207315
0.00466,16.5660169908347
0.00467,16.5584870835919
0.00468,16.5509605975563
0.00469,16.5434375312711
0.0047,16.5359178832709
0.00471,16.5284016520824
0.00472,16.5208888362249
0.00473,16.5133794342119
0.00474,16.5058734445507
0.00475,16.498370865744
0.00476,16.4908716962899
0.00477,16.4833759346823
0.00478,16.475883579412
0.00479,16.4683946289663
0.0048,16.46090908183
0.00481,16.4534269364852
0.00482,16.4459481914123
0.00483,16.4384728450895
0.00484,16.4310008959936
0.00485,16.4235323425999
0.00486,16.4160671833826
0.00487,16.4086054168149
0.00488,16.4011470413692
0.00489,16.3936920555171
0.0049,16.3862404577297
0.00491,16.3787922464778
0.00492,16.3713474202317
0.00493,16.3639059774616
0.00494,16.3564679166375
0.00495,16.3490332362294
0.00496,16.3416019347072
0.00497,16.334174010541
0.00498,16.3267494622011
0.00499,16.3193282881578
0.005,16.3119104868818
0.00501,16.304496056844
0.00502,16.2970849965158
0.00503,16.2896773043686
0.00504,16.2822729788746
0.00505,16.2748720185062
0.00506,16.2674744217363
0.00507,16.2600801870383
0.00508,16.252689312886
0.00509,16.2453017977538
0.0051,16.2379176401166
0.00511,16.2305368384499
0.00512,16.2231593912296
0.00513,16.2157852969324
0.00514,16.2084145540354
0.00515,16.2010471610164
0.00516,16.1936831163538
0.00517,16.1863224185264
0.00518,16.178965066014
0.00519,16.1716110572967
0.0052,16.1642603908554
0.00521,16.1569130651716
0.00522,16.1495690787274
0.00523,16.1422284300056
0.00524,16.1348911174896
0.00525,16.1275571396634
0.00526,16.1202264950119
0.00527,16.1128991820204
0.00528,16.105575199175
0.00529,16.0982545449624
0.0053,16.09093721787
0.00531,16.0836232163858
0.00532,16.0763125389986
0.00533,16.0690051841978
0.00534,16.0617011504735
0.00535,16.0544004363163
0.00536,16.0471030402177
0.00537,16.0398089606698
0.00538,16.0325181961654
0.00539,16.0252307451979
0.0054,16.0179466062614
0.00541,16.0106657778508
0.00542,16.0033882584615
0.00543,15.9961140465896
0.00544,15.9888431407321
0.00545,15.9815755393864
0.00546,15.9743112410506
0.00547,15.9670502442238
0.00548,15.9597925474053
0.00549,15.9525381490956
0.0055,15.9452870477953
0.00551,15.9380392420062
0.00552,15.9307947302306
0.00553,15.9235535109712
0.00554,15.9163155827319
0.00555,15.9090809440168
0.00556,15.9018495933309
0.00557,15.8946215291799
0.00558,15.8873967500702
0.00559,15.8801752545087
0.0056,15.8729570410032
0.00561,15.8657421080619
0.00562,15.858530454194
0.00563,15.8513220779092
0.00564,15.8441169777178
0.00565,15.8369151521309
0.00566,15.8297165996603
0.00567,15.8225213188184
0.00568,15.8153293081184
0.00569,15.8081405660739
0.0057,15.8009550911994
0.00571,15.7937728820101
0.00572,15.7865939370217
0.00573,15.7794182547508
0.00574,15.7722458337145
0.00575,15.7650766724305
0.00576,15.7579107694175
0.00577,15.7507481231945
0.00578,15.7435887322815
0.00579,15.7364325951988
0.0058,15.7292797104678
0.00581,15.7221300766102
0.00582,15.7149836921487
0.00583,15.7078405556063
0.00584,15.700700665507
0.00585,15.6935640203753
0.00586,15.6864306187365
0.00587,15.6793004591164
0.00588,15.6721735400415
0.00589,15.6650498600391
0.0059,15.6579294176372
0.00591,15.6508122113641
0.00592,15.6436982397493
0.00593,15.6365875013225
0.00594,15.6294799946144
0.00595,15.6223757181561
0.00596,15.6152746704796
0.00597,15.6081768501175
0.00598,15.601082255603
0.00599,15.59399088547
0.006,15.586902738253
0.00601,15.5798178124873
0.00602,15.5727361067088
0.00603,15.5656576194541
0.00604,15.5585823492604
0.00605,15.5515102946655
0.00606,15.5444414542082
0.00607,15.5373758264275
0.00608,15.5303134098633
0.00609,15.5232542030563
0.0061,15.5161982045477
0.00611,15.5091454128792
0.00612,15.5020958265935
0.00613,15.4950494442338
0.00614,15.4880062643439
0.00615,15.4809662854683
0.00616,15.4739295061523
0.00617,15.4668959249417
0.00618,15.459865540383
0.00619,15.4528383510234
0.0062,15.4458143554107
0.00621,15.4387935520934
0.00622,15.4317759396207
0.00623,15.4247615165423
0.00624,15.4177502814087
0.00625,15.4107422327712
0.00626,15.4037373691813
0.00627,15.3967356891917
0.00628,15.3897371913554
0.00629,15.3827418742261
0.0063,15.3757497363584
0.00631,15.3687607763072
0.00632,15.3617749926283
0.00633,15.354792383878
0.00634,15.3478129486135
0.00635,15.3408366853925
0.00636,15.3338635927732
0.00637,15.3268936693147
0.00638,15.3199269135766
0.00639,15.3129633241194
0.0064,15.3060028995039
0.00641,15.2990456382918
0.00642,15.2920915390454
0.00643,15.2851406003275
0.00644,15.2781928207019
0.00645,15.2712481987327
0.00646,15.2643067329848
0.00647,15.2573684220239
0.00648,15.250433264416
0.00649,15.243501258728
0.0065,15.2365724035274
0.00651,15.2296466973825
0.00652,15.2227241388619
0.00653,15.2158047265352
0.00654,15.2088884589724
0.00655,15.2019753347444
0.00656,15.1950653524224
0.00657,15.1881585105786
0.00658,15.1812548077856
0.00659,15.1743542426169
0.0066,15.1674568136464
0.00661,15.1605625194487
0.00662,15.1536713585992
0.00663,15.1467833296738
0.00664,15.139898431249
0.00665,15.1330166619022
0.00666,15.1261380202112
0.00667,15.1192625047546
0.00668,15.1123901141114
0.00669,15.1055208468616
0.0067,15.0986547015856
0.00671,15.0917916768644
0.00672,15.08493177128
0.00673,15.0780749834146
0.00674,15.0712213118514
0.00675,15.0643707551739
0.00676,15.0575233119666
0.00677,15.0506789808144
0.00678,15.0438377603029
0.00679,15.0369996490185
0.0068,15.0301646455479
0.00681,15.0233327484788
0.00682,15.0165039563994
0.00683,15.0096782678984
0.00684,15.0028556815653
0.00685,14.9960361959903
0.00686,14.9892198097642
0.00687,14.9824065214782
0.00688,14.9755963297245
0.00689,14.9687892330956
0.0069,14.9619852301851
0.00691,14.9551843195867
0.00692,14.948386499895
0.00693,14.9415917697054
0.00694,14.9348001276137
0.00695,14.9280115722164
0.00696,14.9212261021106
0.00697,14.9144437158941
0.00698,14.9076644121653
0.00699,14.9008881895234
0.007,14.8941150465679
0.00701,14.8873449818993
0.00702,14.8805779941184
0.00703,14.873814081827
0.00704,14.8670532436271
0.00705,14.8602954781218
0.00706,14.8535407839145
0.00707,14.8467891596093
0.00708,14.8400406038111
0.00709,14.8332951151252
0.0071,14.8265526921577
0.00711,14.8198133335153
0.00712,14.8130770378053
0.00713,14.8063438036356
0.00714,14.7996136296148
0.00715,14.7928865143521
0.00716,14.7861624564574
0.00717,14.7794414545411
0.00718,14.7727235072143
0.00719,14.7660086130889
0.0072,14.759296770777
0.00721,14.7525879788919
0.00722,14.745882236047
0.00723,14.7391795408566
0.00724,14.7324798919356
0.00725,14.7257832878996
0.00726,14.7190897273647
0.00727,14.7123992089476
0.00728,14.7057117312658
0.00729,14.6990272929374
0.0073,14.6923458925808
0.00731,14.6856675288156
0.00732,14.6789922002615
0.00733,14.6723199055391
0.00734,14.6656506432696
0.00735,14.6589844120748
0.00736,14.6523212105771
0.00737,14.6456610373996
0.00738,14.6390038911659
0.00739,14.6323497705003
0.0074,14.6256986740278
0.00741,14.6190506003739
0.00742,14.6124055481649
0.00743,14.6057635160274
0.00744,14.5991245025889
0.00745,14.5924885064775
0.00746,14.5858555263218
0.00747,14.5792255607512
0.00748,14.5725986083955
0.00749,14.5659746678854
0.0075,14.5593537378518
0.00751,14.5527358169268
0.00752,14.5461209037426
0.00753,14.5395089969322
0.00754,14.5329000951294
0.00755,14.5262941969684
0.00756,14.5196913010841
0.00757,14.513091406112
0.00758,14.5064945106883
0.00759,14.4999006134496
0.0076,14.4933097130334
0.00761,14.4867218080777
0.00762,14.480136897221
0.00763,14.4735549791026
0.00764,14.4669760523624
0.00765,14.4604001156408
0.00766,14.4538271675788
0.00767,14.4472572068183
0.00768,14.4406902320015
0.00769,14.4341262417713
0.0077,14.4275652347714
0.00771,14.4210072096458
0.00772,14.4144521650393
0.00773,14.4079000995974
0.00774,14.4013510119661
0.00775,14.394804900792
0.00776,14.3882617647223
0.00777,14.381721602405
0.00778,14.3751844124884
0.00779,14.3686501936218
0.0078,14.3621189444547
0.00781,14.3555906636375
0.00782,14.3490653498211
0.00783,14.3425430016572
0.00784,14.3360236177977
0.00785,14.3295071968956
0.00786,14.3229937376042
0.00787,14.3164832385774
0.00788,14.30997569847
0.00789,14.303471115937
0.0079,14.2969694896344
0.00791,14.2904708182186
0.00792,14.2839751003466
0.00793,14.2774823346761
0.00794,14.2709925198654
0.00795,14.2645056545732
0.00796,14.2580217374593
0.00797,14.2515407671835
0.00798,14.2450627424067
0.00799,14.2385876617902
0.008,14.2321155239958
0.00801,14.2256463276861
0.00802,14.2191800715243
0.00803,14.2127167541741
0.00804,14.2062563742999
0.00805,14.1997989305666
0.00806,14.1933444216398
0.00807,14.1868928461857
0.00808,14.180444202871
0.00809,14.1739984903632
0.0081,14.1675557073302
0.00811,14.1611158524406
0.00812,14.1546789243637
0.00813,14.1482449217693
0.00814,14.1418138433277
0.00815,14.13538568771
0.00816,14.1289604535878
0.00817,14.1225381396333
0.00818,14.1161187445194
0.00819,14.1097022669195
0.0082,14.1032887055076
0.00821,14.0968780589585
0.00822,14.0904703259472
0.00823,14.0840655051497
0.00824,14.0776635952423
0.00825,14.0712645949023
0.00826,14.0648685028071
0.00827,14.058475317635
0.00828,14.052085038065
0.00829,14.0456976627764
0.0083,14.0393131904493
0.00831,14.0329316197643
0.00832,14.0265529494027
0.00833,14.0201771780464
0.00834,14.0138043043777
0.00835,14.0074343270798
0.00836,14.0010672448362
0.00837,13.9947030563313
0.00838,13.9883417602499
0.00839,13.9819833552773
0.0084,13.9756278400997
0.00841,13.9692752134036
0.00842,13.9629254738764
0.00843,13.9565786202058
0.00844,13.9502346510802
0.00845,13.9438935651887
0.00846,13.9375553612209
0.00847,13.931220037867
0.00848,13.9248875938179
0.00849,13.9185580277648
0.0085,13.9122313383998
0.00851,13.9059075244155
0.00852,13.8995865845051
0.00853,13.8932685173624
0.00854,13.8869533216817
0.00855,13.8806409961579
0.00856,13.8743315394868
0.00857,13.8680249503643
0.00858,13.8617212274873
0.00859,13.8554203695531
0.0086,13.8491223752596
0.00861,13.8428272433053
0.00862,13.8365349723894
0.00863,13.8302455612115
0.00864,13.823959008472
0.00865,13.8176753128717
0.00866,13.8113944731122
0.00867,13.8051164878953
0.00868,13.798841355924
0.00869,13.7925690759012
0.0087,13.786299646531
0.00871,13.7800330665178
0.00872,13.7737693345664
0.00873,13.7675084493826
0.00874,13.7612504096725
0.00875,13.754995214143
0.00876,13.7487428615013
0.00877,13.7424933504554
0.00878,13.7362466797139
0.00879,13.7300028479859
0.0088,13.7237618539811
0.00881,13.7175236964098
0.00882,13.7112883739829
0.00883,13.7050558854118
0.00884,13.6988262294087
0.00885,13.6925994046861
0.00886,13.6863754099573
0.00887,13.6801542439361
0.00888,13.673935905337
0.00889,13.6677203928747
0.0089,13.6615077052651
0.00891,13.6552978412241
0.00892,13.6490907994685
0.00893,13.6428865787157
0.00894,13.6366851776835
0.00895,13.6304865950905
0.00896,13.6242908296556
0.00897,13.6180978800985
0.00898,13.6119077451396
0.00899,13.6057204234994
0.009,13.5995359138996
0.00901,13.5933542150619
0.00902,13.5871753257091
0.00903,13.5809992445642
0.00904,13.5748259703508
0.00905,13.5686555017935
0.00906,13.5624878376169
0.00907,13.5563229765466
0.00908,13.5501609173085
0.00909,13.5440016586294
0.0091,13.5378451992363
0.00911,13.5316915378571
0.00912,13.5255406732201
0.00913,13.5193926040542
0.00914,13.5132473290889
0.00915,13.5071048470543
0.00916,13.5009651566811
0.00917,13.4948282567006
0.00918,13.4886941458444
0.00919,13.482562822845
0.0092,13.4764342864353
0.00921,13.470308535349
0.00922,13.4641855683201
0.00923,13.4580653840832
0.00924,13.4519479813738
0.00925,13.4458333589275
0.00926,13.4397215154809
0.00927,13.4336124497708
0.00928,13.427506160535
0.00929,13.4214026465114
0.0093,13.4153019064389
0.00931,13.4092039390567
0.00932,13.4031087431046
0.00933,13.3970163173231
0.00934,13.3909266604532
0.00935,13.3848397712364
0.00936,13.3787556484149
0.00937,13.3726742907315
0.00938,13.3665956969294
0.00939,13.3605198657524
0.0094,13.3544467959451
0.00941,13.3483764862523
0.00942,13.3423089354197
0.00943,13.3362441421934
0.00944,13.3301821053202
0.00945,13.3241228235472
0.00946,13.3180662956224
0.00947,13.3120125202942
0.00948,13.3059614963116
0.00949,13.299913222424
0.0095,13.2938676973817
0.00951,13.2878249199354
0.00952,13.2817848888362
0.00953,13.2757476028361
0.00954,13.2697130606874
0.00955,13.263681261143
0.00956,13.2576522029566
0.00957,13.2516258848822
0.00958,13.2456023056745
0.00959,13.2395814640887
0.0096,13.2335633588805
0.00961,13.2275479888065
0.00962,13.2215353526234
0.00963,13.2155254490887
0.00964,13.2095182769606
0.00965,13.2035138349977
0.00966,13.197512121959
0.00967,13.1915131366045
0.00968,13.1855168776943
0.00969,13.1795233439893
0.0097,13.1735325342511
0.00971,13.1675444472416
0.00972,13.1615590817233
0.00973,13.1555764364594
0.00974,13.1495965102135
0.00975,13.14361930175
0.00976,13.1376448098336
0.00977,13.1316730332297
0.00978,13.1257039707043
0.00979,13.1197376210237
0.0098,13.1137739829552
0.00981,13.1078130552662
0.00982,13.101854836725
0.00983,13.0958993261004
0.00984,13.0899465221615
0.00985,13.0839964236783
0.00986,13.0780490294211
0.00987,13.072104338161
0.00988,13.0661623486695
0.00989,13.0602230597186
0.0099,13.054286470081
0.00991,13.04835257853
0.00992,13.0424213838392
0.00993,13.036492884783
0.00994,13.0305670801363
0.00995,13.0246439686744
0.00996,13.0187235491735
0.00997,13.01280582041
0.00998,13.0068907811611
0.00999,13.0009784302043
0.01,12.995068766318
0.01001,12.9891617882808
0.01002,12.9832574948722
0.01003,12.9773558848719
0.01004,12.9714569570605
0.01005,12.9655607102188
0.01006,12.9596671431285
0.01007,12.9537762545717
0.01008,12.9478880433309
0.01009,12.9420025081894
0.0101,12.936119647931
0.01011,12.9302394613399
0.01012,12.924361947201
0.01013,12.9184871042998
0.01014,12.9126149314222
0.01015,12.9067454273546
0.01016,12.9008785908843
0.01017,12.8950144207987
0.01018,12.8891529158861
0.01019,12.8832940749352
0.0102,12.8774378967352
0.01021,12.871584380076
0.01022,12.865733523748
0.01023,12.8598853265421
0.01024,12.8540397872496
0.01025,12.8481969046628
0.01026,12.8423566775741
0.01027,12.8365191047766
0.01028,12.8306841850641
0.01029,12.8248519172306
0.0103,12.8190223000711
0.01031,12.8131953323808
0.01032,12.8073710129555
0.01033,12.8015493405917
0.01034,12.7957303140864
0.01035,12.7899139322369
0.01036,12.7841001938414
0.01037,12.7782890976985
0.01038,12.7724806426073
0.01039,12.7666748273674
0.0104,12.7608716507791
0.01041,12.7550711116433
0.01042,12.7492732087611
0.01043,12.7434779409345
0.01044,12.7376853069658
0.01045,12.7318953056581
0.01046,12.7261079358148
0.01047,12.72032319624
0.01048,12.7145410857383
0.01049,12.7087616031147
0.0105,12.7029847471749
0.01051,12.6972105167252
0.01052,12.6914389105724
0.01053,12.6856699275236
0.01054,12.6799035663868
0.01055,12.6741398259703
0.01056,12.6683787050831
0.01057,12.6626202025347
0.01058,12.6568643171349
0.01059,12.6511110476945
0.0106,12.6453603930244
0.01061,12.6396123519363
0.01062,12.6338669232423
0.01063,12.6281241057553
0.01064,12.6223838982883
0.01065,12.6166462996553
0.01066,12.6109113086705
0.01067,12.6051789241488
0.01068,12.5994491449056
0.01069,12.5937219697568
0.0107,12.587997397519
0.01071,12.5822754270091
0.01072,12.5765560570447
0.01073,12.5708392864439
0.01074,12.5651251140253
0.01075,12.5594135386081
0.01076,12.553704559012
0.01077,12.5479981740573
0.01078,12.5422943825646
0.01079,12.5365931833553
0.0108,12.5308945752514
0.01081,12.525198557075
0.01082,12.5195051276493
0.01083,12.5138142857976
0.01084,12.5081260303438
0.01085,12.5024403601126
0.01086,12.496757273929
0.01087,12.4910767706186
0.01088,12.4853988490075
0.01089,12.4797235079224
0.0109,12.4740507461904
0.01091,12.4683805626393
0.01092,12.4627129560974
0.01093,12.4570479253933
0.01094,12.4513854693566
0.01095,12.4457255868169
0.01096,12.4400682766047
0.01097,12.4344135375509
0.01098,12.428761368487
0.01099,12.423111768245
0.011,12.4174647356572
0.01101,12.4118202695569
0.01102,12.4061783687776
0.01103,12.4005390321533
0.01104,12.3949022585187
0.01105,12.3892680467089
0.01106,12.3836363955597
0.01107,12.3780073039073
0.01108,12.3723807705884
0.01109,12.3667567944403
0.0111,12.3611353743008
0.01111,12.3555165090082
0.01112,12.3499001974014
0.01113,12.3442864383199
0.01114,12.3386752306034
0.01115,12.3330665730925
0.01116,12.3274604646281
0.01117,12.3218569040517
0.01118,12.3162558902054
0.01119,12.3106574219316
0.0112,12.3050614980736
0.01121,12.2994681174748
0.01122,12.2938772789794
0.01123,12.2882889814321
0.01124,12.282703223678
0.01125,12.2771200045629
0.01126,12.271539322933
0.01127,12.2659611776349
0.01128,12.2603855675161
0.01129,12.2548124914243
0.0113,12.2492419482078
0.01131,12.2436739367155
0.01132,12.2381084557967
0.01133,12.2325455043014
0.01134,12.2269850810799
0.01135,12.2214271849833
0.01136,12.2158718148629
0.01137,12.2103189695707
0.01138,12.2047686479593
0.01139,12.1992208488817
0.0114,12.1936755711913
0.01141,12.1881328137424
0.01142,12.1825925753895
0.01143,12.1770548549876
0.01144,12.1715196513925
0.01145,12.1659869634603
0.01146,12.1604567900476
0.01147,12.1549291300116
0.01148,12.1494039822101
0.01149,12.1438813455012
0.0115,12.1383612187438
0.01151,12.1328436007971
0.01152,12.1273284905208
0.01153,12.1218158867754
0.01154,12.1163057884215
0.01155,12.1107981943206
0.01156,12.1052931033344
0.01157,12.0997905143254
0.01158,12.0942904261565
0.01159,12.0887928376911
0.0116,12.083297747793
0.01161,12.0778051553268
0.01162,12.0723150591573
0.01163,12.0668274581502
0.01164,12.0613423511712
0.01165,12.0558597370871
0.01166,12.0503796147647
0.01167,12.0449019830716
0.01168,12.0394268408758
0.01169,12.033954187046
0.0117,12.0284840204511
0.01171,12.0230163399609
0.01172,12.0175511444453
0.01173,12.012088432775
0.01174,12.0066282038212
0.01175,12.0011704564554
0.01176,11.9957151895499
0.01177,11.9902624019773
0.01178,11.9848120926108
0.01179,11.9793642603241
0.0118,11.9739189039913
0.01181,11.9684760224873
0.01182,11.9630356146872
0.01183,11.9575976794668
0.01184,11.9521622157023
0.01185,11.9467292222706
0.01186,11.9412986980487
0.01187,11.9358706419147
0.01188,11.9304450527466
0.01189,11.9250219294235
0.0119,11.9196012708244
0.01191,11.9141830758294
0.01192,11.9087673433186
0.01193,11.903354072173
0.01194,11.897770867844
0.01195,11.8923944440296
0.01196,11.8872242705902
0.01197,11.8822598152014
0.01198,11.877500543371
0.01199,11.8729459184553
0.012,11.8685954016753
0.01201,11.8644484521334
0.01202,11.8605045268298
0.01203,11.8567630806785
0.01204,11.8532235665242
0.01205,11.8498854351584
0.01206,11.8467481353358
0.01207,11.8438111137906
0.01208,11.8410738152528
0.01209,11.8385356824649
0.0121,11.8361961561976
0.01211,11.8340546752665
0.01212,11.8321106765483
0.01213,11.8303635949971
0.01214,11.8288128636606
0.01215,11.8274579136962
0.01216,11.8262981743875
0.01217,11.8253330731603
0.01218,11.8245620355989
0.01219,11.8239844854624
0.0122,11.8235998447005
0.01221,11.8234075334698
0.01222,11.8234069701503
0.01223,11.8235975713609
0.01224,11.8239787519759
0.01225,11.8245499251412
0.01226,11.8253105022898
0.01227,11.8262598931584
0.01228,11.8273975058031
0.01229,11.8287227466158
0.0123,11.8302350203395
0.01231,11.8319337300852
0.01232,11.8338182773469
0.01233,11.8358880620183
0.01234,11.8381424824083
0.01235,11.840580935257
0.01236,11.8432028157517
0.01237,11.8460075175426
0.01238,11.8489944327587
0.01239,11.8521629520235
0.0124,11.8555124644711
0.01241,11.8590423577618
0.01242,11.8627520180976
0.01243,11.8666408302384
0.01244,11.8707081775176
0.01245,11.8749534418574
0.01246,11.879376003785
0.01247,11.8839752424481
0.01248,11.8887505356301
0.01249,11.8937012597665
0.0125,11.8988267899596
0.01251,11.9041264999948
0.01252,11.9095997623558
0.01253,11.9152459482401
0.01254,11.9210644275745
0.01255,11.9270545690307
0.01256,11.9332157400406
0.01257,11.9395473068117
0.01258,11.9460486343427
0.01259,11.9527190864387
0.0126,11.9595580257266
0.01261,11.9665648136702
0.01262,11.9737388105859
0.01263,11.9810793756578
0.01264,11.9885858669526
0.01265,11.9962576414356
0.01266,12.004094054985
0.01267,12.0120944624075
0.01268,12.0202582174538
0.01269,12.0285846728329
0.0127,12.0370731802279
0.01271,12.0457230903105
0.01272,12.0545337527567
0.01273,12.063504516261
0.01274,12.0726347285521
0.01275,12.0819237364073
0.01276,12.0913708856678
0.01277,12.1009742473489
0.01278,12.1103423264164
0.01279,12.1194754906447
0.0128,12.1283741114566
0.01281,12.1370385639083
0.01282,12.1454692266734
0.01283,12.1536664820273
0.01284,12.1616307158317
0.01285,12.1693623175187
0.01286,12.1768616800747
0.01287,12.1841292000252
0.01288,12.1911652774187
0.01289,12.1979703158107
0.0129,12.2045447222478
0.01291,12.2108889072521
0.01292,12.217003284805
0.01293,12.2228882723309
0.01294,12.2285442906821
0.01295,12.2339717641217
0.01296,12.2391711203082
0.01297,12.2441427902793
0.01298,12.2488872084353
0.01299,12.2534048125239
0.013,12.257696043623
0.01301,12.2617613461251
0.01302,12.2656011677208
0.01303,12.2692159593829
0.01304,12.2726061753497
0.01305,12.2757722731087
0.01306,12.2787147133808
0.01307,12.2814339601032
0.01308,12.2839304804137
0.01309,12.2862047446338
0.0131,12.2882572262525
0.01311,12.2900884019098
0.01312,12.2916987513803
0.01313,12.2930887575567
0.01314,12.294258906433
0.01315,12.2952096870885
0.01316,12.2959415916707
0.01317,12.2964551153792
0.01318,12.2967507564487
0.01319,12.2968290161326
0.0132,12.2966903986863
0.01321,12.2963354113508
0.01322,12.2957645643354
0.01323,12.2949783708018
0.01324,12.2939773468468
0.01325,12.2927620114857
0.01326,12.2913328866358
0.01327,12.2896904970994
0.01328,12.2878353705472
0.01329,12.2857680375013
0.0133,12.2834890313185
0.01331,12.2809988881735
0.01332,12.2782981470421
0.01333,12.2753873496842
0.01334,12.2722670406271
0.01335,12.2689377671486
0.01336,12.2654000792598
0.01337,12.2616545296888
0.01338,12.2577016738632
0.01339,12.2535420698933
0.0134,12.2491762785556
0.01341,12.2446048632752
0.01342,12.2398283901093
0.01343,12.2348474277299
0.01344,12.229662547407
0.01345,12.2241205515408
0.01346,12.2185794215581
0.01347,12.2130393166699
0.01348,12.2075003806031
0.01349,12.2019627430958
0.0135,12.1964265212479
0.01351,12.1908918207417
0.01352,12.1853587369443
0.01353,12.1798273559041
0.01354,12.1742977552502
0.01355,12.1687700050056
0.01356,12.163244168322
0.01357,12.1577203021428
0.01358,12.1521984578033
0.01359,12.1466786815716
0.0136,12.1411610151385
0.01361,12.1356454960593
0.01362,12.1301321581532
0.01363,12.124621031864
0.01364,12.1191121445865
0.01365,12.1136055209605
0.01366,12.108101183137
0.01367,12.1025991510188
0.01368,12.0970994424773
0.01369,12.0916020735491
0.0137,12.0861070586129
0.01371,12.0806144105496
0.01372,12.0751241408875
0.01373,12.0696362599322
0.01374,12.0641507768853
0.01375,12.0586676999509
0.01376,12.0531870364318
0.01377,12.0477087928167
0.01378,12.0422329748591
0.01379,12.0367595876478
0.0138,12.0312886356717
0.01381,12.0258201228775
0.01382,12.0203540527219
0.01383,12.0148904282194
0.01384,12.0094292519848
0.01385,12.0039705262719
0.01386,11.9985142530085
0.01387,11.9930604338276
0.01388,11.9876090700962
0.01389,11.9821601629412
0.0139,11.9767137132722
0.01391,11.9712697218027
0.01392,11.9658281890693
0.01393,11.9603891154486
0.01394,11.9549525011727
0.01395,11.9495183463433
0.01396,11.9440866509444
0.01397,11.9386574148534
0.01398,11.9332306378519
0.01399,11.9278063196345
0.014,11.9223844598178
0.01401,11.9169650579475
0.01402,11.9115481135055
0.01403,11.9061336259161
0.01404,11.9007215945516
0.01405,11.8951403534054
0.01406,11.8897659352327
0.01407,11.8845978097275
0.01408,11.8796354443993
0.01409,11.8748783045892
0.0141,11.8703258534865
0.01411,11.8659775521451
0.01412,11.8618328594999
0.01413,11.8578912323834
0.01414,11.8541521255417
0.01415,11.8506149916514
0.01416,11.8472792813354
0.01417,11.8441444431798
0.01418,11.8412099237499
0.01419,11.8384751676067
0.0142,11.8359396173232
0.01421,11.8336027135004
0.01422,11.8314638947844
0.01423,11.8295225978817
0.01424,11.8277782575762
0.01425,11.8262303067451
0.01426,11.8248781763753
0.01427,11.8237212955794
0.01428,11.8227590916124
0.01429,11.8219909898872
0.0143,11.8214164139913
0.01431,11.8210347857031
0.01432,11.8208455250073
0.01433,11.8208480501119
0.01434,11.8210417774637
0.01435,11.8214261217648
0.01436,11.8220004959884
0.01437,11.8227643113949
0.01438,11.8237169775484
0.01439,11.8248579023318
0.0144,11.826186491964
0.01441,11.8277021510148
0.01442,11.8294042824217
0.01443,11.8312922875052
0.01444,11.8333655659853
0.01445,11.8356235159971
0.01446,11.8380655341068
0.01447,11.8406910153275
0.01448,11.8434993531353
0.01449,11.8464899394848
0.0145,11.8496621648252
0.01451,11.853015418116
0.01452,11.8565490868427
0.01453,11.8602625570327
0.01454,11.8641552132711
0.01455,11.8682264387161
0.01456,11.8724756151151
0.01457,11.8769021228201
0.01458,11.8815053408034
0.01459,11.8862846466732
0.0146,11.8912394166896
0.01461,11.8963690257794
0.01462,11.9016728475525
0.01463,11.9071502543169
0.01464,11.9128006170944
0.01465,11.9186233056361
0.01466,11.9246176884379
0.01467,11.9307831327558
0.01468,11.9371190046214
0.01469,11.9436246688574
0.0147,11.9502994890929
0.01471,11.9571428277787
0.01472,11.9641540462026
0.01473,11.9713325045047
0.01474,11.978677561693
0.01475,11.9861885756582
0.01476,11.993864903189
0.01477,12.0017058999875
0.01478,12.0097109206843
0.01479,12.0178793188536
0.0148,12.0262104470282
0.01481,12.0347036567147
0.01482,12.0433582984089
0.01483,12.05217372161
0.01484,12.0611492748365
0.01485,12.0702843056406
0.01486,12.0795781606234
0.01487,12.0890301854498
0.01488,12.0986397248634
0.01489,12.1084048599158
0.0149,12.1179341934953
0.01491,12.1272280914911
0.01492,12.1362869234558
0.01493,12.1451110625893
0.01494,12.1537008857236
0.01495,12.1620567733068
0.01496,12.1701791093875
0.01497,12.1780682815991
0.01498,12.1857246811441
0.01499,12.193148702778
0.015,12.2003407447938
0.01501,12.2073012090059
0.01502,12.2140305007345
0.01503,12.2205290287891
0.01504,12.2267972054532
0.01505,12.232835446468
0.01506,12.2386441710162
0.01507,12.2442238017063
0.01508,12.2495747645565
0.01509,12.2546974889782
0.0151,12.2595924077604
0.01511,12.2642599570532
0.01512,12.2687005763517
0.01513,12.2729147084798
0.01514,12.2769027995739
0.01515,12.280665299067
0.01516,12.2842026596718
0.01517,12.2875153373649
0.01518,12.2906037913701
0.01519,12.2934684841423
0.0152,12.2961098813511
0.01521,12.2985284518643
0.01522,12.3007246677312
0.01523,12.302699004167
0.01524,12.3044519395352
0.01525,12.3059839553319
0.01526,12.307295536169
0.01527,12.3083871697579
0.01528,12.3092593468923
0.01529,12.3099125614325
0.0153,12.310347310288
0.01531,12.3105640934015
0.01532,12.3105634137317
0.01533,12.3103457772371
0.01534,12.3099116928592
0.01535,12.3092616725056
0.01536,12.3083962310334
0.01537,12.3073158862326
0.01538,12.3060211588092
0.01539,12.3045125723685
0.0154,12.3027906533981
0.01541,12.3008559312516
0.01542,12.2987089381311
0.01543,12.2963502090711
0.01544,12.293780281921
0.01545,12.2909996973286
0.01546,12.2880089987231
0.01547,12.2848087322985
0.01548,12.281399446996
0.01549,12.277781694488
0.0155,12.2739560291604
0.01551,12.269923008096
0.01552,12.2656831910574
0.01553,12.2612371404705
0.01554,12.2565854214068
0.01555,12.2517286015667
0.01556,12.2466672512629
0.01557,12.2414019434027
0.01558,12.2358508743849
0.01559,12.230301036303
0.0156,12.2247525533499
0.01561,12.2192055376159
0.01562,12.213660090257
0.01563,12.2081163025513
0.01564,12.2025742568521
0.01565,12.1970340274506
0.01566,12.1914956813538
0.01567,12.1859592789884
0.01568,12.1804248748359
0.01569,12.174892518007
0.0157,12.1693622527599
0.01571,12.1638341189695
0.01572,12.15830815255
0.01573,12.1527843858381
0.01574,12.1472628479381
0.01575,12.141743565034
0.01576,12.1362265606719
0.01577,12.1307118560144
0.01578,12.1251994700711
0.01579,12.1196894199065
0.0158,12.1141817208274
0.01581,12.1086763865536
0.01582,12.1031734293704
0.01583,12.0976728602673
0.01584,12.0921746890637
0.01585,12.0866789245211
0.01586,12.0811855744461
0.01587,12.0756946457822
0.01588,12.0702061446933
0.01589,12.064720076639
0.0159,12.0592364464426
0.01591,12.053755258353
0.01592,12.0482765160995
0.01593,12.0428002229427
0.01594,12.0373263817195
0.01595,12.031854994884
0.01596,12.0263860645446
0.01597,12.0209195924974
0.01598,12.0154555802567
0.01599,12.0099940290817
0.016,12.0045349400017
0.01601,11.9990783138379
0.01602,11.993624151224
0.01603,11.9881724526241
0.01604,11.9827232183491
0.01605,11.9772764485715
0.01606,11.9718321433391
0.01607,11.9663903025869
0.01608,11.9609509261478
0.01609,11.9555140137631
0.0161,11.9500795650909
0.01611,11.9446475797142
0.01612,11.9392180571485
0.01613,11.9337909968481
0.01614,11.9283663982123
0.01615,11.9229442605905
0.01616,11.9175245832872
0.01617,11.9121073655664
0.01618,11.9066926066555
0.01619,11.9012803057489
0.0162,11.8956985314592
0.01621,11.8903235714881
0.01622,11.885154895566
0.01623,11.8801919712388
0.01624,11.8754342638839
0.01625,11.8708812367271
0.01626,11.8665323508587
0.01627,11.8623870652504
0.01628,11.858444836771
0.01629,11.8547051202034
0.0163,11.8511673682608
0.01631,11.8478310316028
0.01632,11.8446955588523
0.01633,11.8417603966115
0.01634,11.839024989478
0.01635,11.8364887800617
0.01636,11.8341512090007
0.01637,11.8320117149779
0.01638,11.8300697347368
0.01639,11.8283247030983
0.0164,11.8267760529768
0.01641,11.825423215396
0.01642,11.824265619506
0.01643,11.8233026925985
0.01644,11.8225338601239
0.01645,11.821958545707
0.01646,11.8215761711631
0.01647,11.8213861565144
0.01648,11.8213879200062
0.01649,11.8215808781225
0.0165,11.8219644456029
0.01651,11.8225380354578
0.01652,11.8233010589853
0.01653,11.8242529257865
0.01654,11.8253930437823
0.01655,11.8267208192286
0.01656,11.8282356567329
0.01657,11.8299369592702
0.01658,11.8318241281985
0.01659,11.8338965632755
0.0166,11.8361536626737
0.01661,11.838594822997
0.01662,11.8412194392961
0.01663,11.8440269050847
0.01664,11.8470166123552
0.01665,11.8501879515942
0.01666,11.8535403117991
0.01667,11.857073080493
0.01668,11.860785643741
0.01669,11.864677386166
0.0167,11.8687476909639
0.01671,11.8729959399198
0.01672,11.8774215134234
0.01673,11.8820237904848
0.01674,11.8868021487501
0.01675,11.891755964517
0.01676,11.8968846127502
0.01677,11.9021874670974
0.01678,11.9076638999043
0.01679,11.9133132822306
0.0168,11.9191349838652
0.01681,11.9251283733418
0.01682,11.9312928179541
0.01683,11.9376276837717
0.01684,11.944132335655
0.01685,11.950806137271
0.01686,11.9576484511082
0.01687,11.9646586384924
0.01688,11.9718360596014
0.01689,11.979180073481
0.0169,11.9866900380597
0.01691,11.9943653101641
0.01692,12.0022052455342
0.01693,12.0102091988382
0.01694,12.0183765236881
0.01695,12.0267065726546
0.01696,12.0351986972822
0.01697,12.0438522481041
0.01698,12.0526665746577
0.01699,12.061641025499
0.017,12.070774948218
0.01701,12.0800676894536
0.01702,12.0895185949084
0.01703,12.0991270093636
0.01704,12.1088910138229
0.01705,12.1184192101178
0.01706,12.127711964175
0.01707,12.1367696455843
0.01708,12.1455926275833
0.01709,12.1541812870412
0.0171,12.1625360044439
0.01711,12.1706571638775
0.01712,12.1785451530131
0.01713,12.1862003630906
0.01714,12.1936231889033
0.01715,12.200814028782
0.01716,12.2077732845788
0.01717,12.2145013616516
0.01718,12.2209986688477
0.01719,12.2272656184886
0.0172,12.2333026263532
0.01721,12.2391101116622
0.01722,12.244688497062
0.01723,12.2500382086087
0.01724,12.2551596757518
0.01725,12.2600533313182
0.01726,12.2647196114961
0.01727,12.2691589558186
0.01728,12.2733718071478
0.01729,12.2773586116582
0.0173,12.2811198188207
0.01731,12.2846558813864
0.01732,12.2879672553699
0.01733,12.2910544000334
0.01734,12.2939177778698
0.01735,12.2965578545871
0.01736,12.2989750990911
0.01737,12.3011699834697
0.01738,12.303142982976
0.01739,12.3048945760121
0.0174,12.3064252441124
0.01741,12.307735471927
0.01742,12.3088257472055
0.01743,12.3096965607803
0.01744,12.3103484065497
0.01745,12.3107817814619
0.01746,12.3109971854977
0.01747,12.3109951216543
0.01748,12.3107760959287
0.01749,12.3103406173006
0.0175,12.3096891977162
0.01751,12.3088223520709
0.01752,12.3077405981932
0.01753,12.3064444568275
0.01754,12.3049344516174
0.01755,12.3032111090892
0.01756,12.3012749586347
0.01757,12.2991265324946
0.01758,12.2967663657417
0.01759,12.294194996264
0.0176,12.2914129647475
0.01761,12.2884208146602
0.01762,12.2852190922342
0.01763,12.2818083464493
0.01764,12.2781891290163
0.01765,12.2743619943594
0.01766,12.2703274996
0.01767,12.2660862045392
0.01768,12.261638671641
0.01769,12.2569854660154
0.0177,12.2521271554014
0.01771,12.2470643101498
0.01772,12.2417975032066
0.01773,12.2362461885344
0.01774,12.2306961112712
0.01775,12.2251473949926
0.01776,12.2196001512313
0.01777,12.2140544806397
0.01778,12.2085104740404
0.01779,12.2029682133758
0.0178,12.1974277725655
0.01781,12.1918892182809
0.01782,12.1863526106455
0.01783,12.1808180038669
0.01784,12.1752854468082
0.01785,12.1697549835041
0.01786,12.1642266536274
0.01787,12.15870049291
0.01788,12.1531765335235
0.01789,12.1476548044233
0.0179,12.1421353316588
0.01791,12.1366181386545
0.01792,12.1311032464633
0.01793,12.1255906739953
0.01794,12.1200804382254
0.01795,12.1145725543796
0.01796,12.1090670361042
0.01797,12.1035638956185
0.01798,12.0980631438523
0.01799,12.0925647905709
0.018,12.0870688444872
0.01801,12.0815753133636
0.01802,12.0760842041038
0.01803,12.0705955228357
0.01804,12.0651092749864
0.01805,12.05962546535
0.01806,12.0541440981485
0.01807,12.0486651770877
0.01808,12.0431887054062
0.01809,12.0377146859213
0.0181,12.0322431210695
0.01811,12.0267740129433
0.01812,12.0213073633244
0.01813,12.0158431737138
0.01814,12.010381445359
0.01815,12.0049221792787
0.01816,11.9994653762844
0.01817,11.9940110370012
0.01818,11.9885591618852
0.01819,11.9831097512402
0.0182,11.9776628052324
0.01821,11.9722183239036
0.01822,11.9667763071837
0.01823,11.9613367549008
0.01824,11.9558996667919
0.01825,11.9504650425111
0.01826,11.945032881638
0.01827,11.939603183685
0.01828,11.9341759481034
0.01829,11.92875117429
0.0183,11.9233288615917
0.01831,11.917909009311
0.01832,11.9124916167099
0.01833,11.9070766830141
0.01834,11.9016642074164
0.01835,11.8960822577904
0.01836,11.8907071159515
0.01837,11.8855382516534
0.01838,11.8805751324651
0.01839,11.8758172237873
0.0184,11.8712639888693
0.01841,11.8669148888249
0.01842,11.862769382649
0.01843,11.858826927234
0.01844,11.8550869773865
0.01845,11.8515489858431
0.01846,11.8482124032872
0.01847,11.8450766783652
0.01848,11.8421412577032
0.01849,11.8394055859225
0.0185,11.8368691056568
0.01851,11.8345312575682
0.01852,11.8323914803633
0.01853,11.8304492108096
0.01854,11.8287038837521
0.01855,11.827154932129
0.01856,11.8258017869883
0.01857,11.8246438775039
0.01858,11.823680630992
0.01859,11.8229114729269
0.0186,11.8223358269576
0.01861,11.8219531149238
0.01862,11.8217627568719
0.01863,11.8217641710715
0.01864,11.821956774031
0.01865,11.8223399805143
0.01866,11.8229132035563
0.01867,11.8236758544795
0.01868,11.8246273429096
0.01869,11.8257670767917
0.0187,11.8270944624065
0.01871,11.8286089043862
0.01872,11.83030980573
0.01873,11.8321965678209
0.01874,11.834268590441
0.01875,11.8365252717877
0.01876,11.8389660084895
0.01877,11.841590195622
0.01878,11.8443972267235
0.01879,11.8473864938111
0.0188,11.8505573873965
0.01881,11.8539092965017
0.01882,11.8574416086749
0.01883,11.8611537100061
0.01884,11.8650449851429
0.01885,11.8691148173062
0.01886,11.8733625883062
0.01887,11.8777876785576
0.01888,11.8823894670954
0.01889,11.8871673315907
0.0189,11.8921206483663
0.01891,11.8972487924121
0.01892,11.9025511374007
0.01893,11.9080270557031
0.01894,11.913675918404
0.01895,11.9194970953174
0.01896,11.9254899550022
0.01897,11.9316538647775
0.01898,11.9379881907378
0.01899,11.9444922977689
0.019,11.9511655495629
0.01901,11.9580073086336
0.01902,11.965016936332
0.01903,11.9721937928613
0.01904,11.9795372372926
0.01905,11.9870466275795
0.01906,11.9947213205741
0.01907,12.0025606720415
0.01908,12.0105640366755
0.01909,12.0187307681134
0.0191,12.0270602189511
0.01911,12.0355517407584
0.01912,12.0442046840942
0.01913,12.053018398521
0.01914,12.0619922326203
0.01915,12.0711255340075
0.01916,12.0804176493469
0.01917,12.0898679243664
0.01918,12.0994757038728
0.01919,12.1092390688454
0.0192,12.1187666204675
0.01921,12.1280587246903
0.01922,12.1371157511281
0.01923,12.1459380730429
0.01924,12.1545260673287
0.01925,12.1628801144956
0.01926,12.1710005986546
0.01927,12.1788879075013
0.01928,12.1865424323005
0.01929,12.1939645678703
0.0193,12.201154712566
0.01931,12.2081132682647
0.01932,12.2148406403491
0.01933,12.2213372376915
0.01934,12.2276034726382
0.01935,12.2336397609931
0.01936,12.239446522002
0.01937,12.2450241783363
0.01938,12.250373156077
0.01939,12.2554938846989
0.0194,12.260386797054
0.01941,12.2650523293556
0.01942,12.269490921162
0.01943,12.2737030153605
0.01944,12.2776890581509
0.01945,12.2814494990294
0.01946,12.2849847907724
0.01947,12.2882953894198
0.01948,12.2913817542592
0.01949,12.2942443478089
0.0195,12.2968836358023
0.01951,12.2993000871707
0.01952,12.3014941740274
0.01953,12.303466371651
0.01954,12.3052171584692
0.01955,12.3067470160418
0.01956,12.3080564290447
0.01957,12.3091458852529
0.01958,12.3100158755244
0.01959,12.3106668937833
0.0196,12.3110994370033
0.01961,12.3113140051909
0.01962,12.3113111013692
0.01963,12.3110912315606
0.01964,12.3106549047707
0.01965,12.3100026329714
0.01966,12.309134931084
0.01967,12.3080523169627
0.01968,12.3067553113776
0.01969,12.3052444379983
0.0197,12.3035202233768
0.01971,12.3015831969308
0.01972,12.299433890927
0.01973,12.2970728404638
0.01974,12.2945005834553
0.01975,12.2917176606134
0.01976,12.288724615432
0.01977,12.285521994169
0.01978,12.2821103458303
0.01979,12.2784902221526
0.0198,12.2746621775861
0.01981,12.2706267692781
0.01982,12.2663845570557
0.01983,12.261936103409
0.01984,12.2572819734739
0.01985,12.2524227350154
0.01986,12.2473589584104
0.01987,12.2420912166307
0.01988,12.2365397283968
0.01989,12.2309894815202
0.0199,12.2254405992013
0.01991,12.2198931926335
0.01992,12.2143473621628
0.01993,12.2088031983349
0.01994,12.2032607828421
0.01995,12.1977201893781
0.01996,12.1921814844101
0.01997,12.186644727877
0.01998,12.1811099738199
0.01999,12.1755772709512
0.02,12.1700466631699
0.02001,12.1645181900256
