0.0,0.0,0.0,0.0,1.5,0.01001001001001001,0.0
0.01001001001001001,0.01001001001001001,0.0,0.02002002002002002,1.5,0.01001001001001001,0.0
0.02002002002002002,0.02002002002002002,0.0,0.04004004004004004,1.5,0.01001001001001001,0.0
0.03003003003003003,0.03003003003003003,0.0,0.06006006006006006,1.5,0.01001001001001001,0.0
0.04004004004004004,0.04004004004004004,0.0,0.08008008008008008,1.5,0.010010010010010008,0.0
0.050050050050050046,0.050050050050050046,1.3877787807814457e-17,0.10010010010010009,1.5,0.01001001001001001,1.9081958235744878e-17
0.06006006006006006,0.06006006006006006,2.0816681711721685e-17,0.12012012012012012,1.5,0.010010010010010013,1.5612511283791264e-17
0.07007007007007007,0.07007007007007007,1.734723475976807e-17,0.14014014014014015,1.5,0.01001001001001001,1.9081958235744878e-17
0.08008008008008008,0.08008008008008008,3.122502256758253e-17,0.16016016016016016,1.5,0.010010010010010006,2.6020852139652106e-17
0.09009009009009009,0.09009009009009009,4.85722573273506e-17,0.18018018018018017,1.5,0.010010010010010006,1.3877787807814457e-17
0.10010010010010009,0.10010010010010009,6.938893903907228e-18,0.20020020020020018,1.5,0.010010010010010013,1.0408340855860843e-17
0.11011011011011011,0.11011011011011011,2.7755575615628914e-17,0.22022022022022023,1.5,0.010010010010010013,1.0408340855860843e-17
0.12012012012012012,0.12012012012012012,1.3877787807814457e-17,0.24024024024024024,1.5,0.010010010010010013,2.7755575615628914e-17
0.13013013013013014,0.13013013013013014,2.7755575615628914e-17,0.2602602602602603,1.5,0.010010010010010013,2.0816681711721685e-17
0.14014014014014015,0.14014014014014015,5.551115123125783e-17,0.2802802802802803,1.5,0.010010010010010006,2.7755575615628914e-17
0.15015015015015015,0.15015015015015015,8.326672684688674e-17,0.3003003003003003,1.5,0.010010010010010006,2.0816681711721685e-17
0.16016016016016016,0.16016016016016016,4.163336342344337e-17,0.3203203203203203,1.5,0.010010010010010006,4.163336342344337e-17
0.17017017017017017,0.17017017017017017,5.551115123125783e-17,0.34034034034034033,1.5,0.010010010010010006,4.85722573273506e-17
0.18018018018018017,0.18018018018018017,8.326672684688674e-17,0.36036036036036034,1.5,0.010010010010010006,5.551115123125783e-17
0.19019019019019018,0.19019019019019018,1.1102230246251565e-16,0.38038038038038036,1.5,0.010010010010010006,2.7755575615628914e-17
0.20020020020020018,0.20020020020020018,2.7755575615628914e-17,0.40040040040040037,1.5,0.01001001001001002,2.7755575615628914e-17
0.21021021021021022,0.21021021021021022,5.551115123125783e-17,0.42042042042042044,1.5,0.01001001001001002,4.163336342344337e-17
0.22022022022022023,0.22022022022022023,5.551115123125783e-17,0.44044044044044045,1.5,0.010010010010010006,5.551115123125783e-17
0.23023023023023023,0.23023023023023023,5.551115123125783e-17,0.46046046046046046,1.5,0.010010010010010006,6.938893903907228e-17
0.24024024024024024,0.24024024024024024,8.326672684688674e-17,0.4804804804804805,1.5,0.01001001001001002,8.326672684688674e-17
0.2502502502502503,0.2502502502502503,1.1102230246251565e-16,0.5005005005005005,1.5,0.01001001001001002,2.7755575615628914e-17
0.2602602602602603,0.2602602602602603,2.7755575615628914e-17,0.5205205205205206,1.5,0.010010010010010006,2.7755575615628914e-17
0.2702702702702703,0.2702702702702703,5.551115123125783e-17,0.5405405405405406,1.5,0.010010010010010006,2.7755575615628914e-17
0.2802802802802803,0.2802802802802803,8.326672684688674e-17,0.5605605605605606,1.5,0.010010010010010006,2.7755575615628914e-17
0.2902902902902903,0.2902902902902903,1.1102230246251565e-16,0.5805805805805806,1.5,0.010010010010010006,4.163336342344337e-17
0.3003003003003003,0.3003003003003003,0.0,0.6006006006006006,1.5,0.010010010010010006,5.551115123125783e-17
0.3103103103103103,0.3103103103103103,0.0,0.6206206206206206,1.5,0.010010010010010006,0.0
0.3203203203203203,0.3203203203203203,0.0,0.6406406406406406,1.5,0.010010010010010006,0.0
0.3303303303303303,0.3303303303303303,0.0,0.6606606606606606,1.5,0.010010010010010006,0.0
0.34034034034034033,0.34034034034034033,0.0,0.6806806806806807,1.5,0.010010010010010006,0.0
0.35035035035035034,0.35035035035035034,0.0,0.7007007007007007,1.5,0.010010010010010006,2.7755575615628914e-17
0.36036036036036034,0.36036036036036034,5.551115123125783e-17,0.7207207207207207,1.5,0.010010010010010006,5.551115123125783e-17
0.37037037037037035,0.37037037037037035,1.1102230246251565e-16,0.7407407407407407,1.5,0.010010010010010006,5.551115123125783e-17
0.38038038038038036,0.38038038038038036,1.6653345369377348e-16,0.7607607607607607,1.5,0.010010010010010006,5.551115123125783e-17
0.39039039039039036,0.39039039039039036,2.220446049250313e-16,0.7807807807807807,1.5,0.010010010010010006,8.326672684688674e-17
0.40040040040040037,0.40040040040040037,0.0,0.8008008008008007,1.5,0.010010010010010034,1.1102230246251565e-16
0.41041041041041043,0.41041041041041043,0.0,0.8208208208208209,1.5,0.010010010010010034,2.7755575615628914e-17
0.42042042042042044,0.42042042042042044,5.551115123125783e-17,0.8408408408408409,1.5,0.010010010010010006,5.551115123125783e-17
0.43043043043043044,0.43043043043043044,1.1102230246251565e-16,0.8608608608608609,1.5,0.010010010010010006,5.551115123125783e-17
0.44044044044044045,0.44044044044044045,1.6653345369377348e-16,0.8808808808808809,1.5,0.010010010010010006,8.326672684688674e-17
0.45045045045045046,0.45045045045045046,1.6653345369377348e-16,0.9009009009009009,1.5,0.010010010010010006,1.3877787807814457e-16
0.46046046046046046,0.46046046046046046,1.1102230246251565e-16,0.9209209209209209,1.5,0.010010010010010006,1.6653345369377348e-16
0.47047047047047047,0.47047047047047047,1.6653345369377348e-16,0.9409409409409409,1.5,0.010010010010010006,5.551115123125783e-17
0.4804804804804805,0.4804804804804805,2.220446049250313e-16,0.960960960960961,1.5,0.010010010010010006,8.326672684688674e-17
0.4904904904904905,0.4904904904904905,0.0,0.980980980980981,1.5,0.010010010010010034,1.1102230246251565e-16
0.5005005005005005,0.5005005005005005,0.0,1.001001001001001,1.5,0.010010010010010034,2.7755575615628914e-17
0.5105105105105106,0.5105105105105106,5.551115123125783e-17,1.021021021021021,1.5,0.010010010010010006,5.551115123125783e-17
0.5205205205205206,0.5205205205205206,1.1102230246251565e-16,1.0410410410410411,1.5,0.010010010010010006,5.551115123125783e-17
0.5305305305305306,0.5305305305305306,1.6653345369377348e-16,1.0610610610610611,1.5,0.010010010010010006,5.551115123125783e-17
0.5405405405405406,0.5405405405405406,2.220446049250313e-16,1.0810810810810811,1.5,0.010010010010010006,8.326672684688674e-17
0.5505505505505506,0.5505505505505506,0.0,1.1011011011011012,1.5,0.010010010010010006,1.1102230246251565e-16
0.5605605605605606,0.5605605605605606,0.0,1.1211211211211212,1.5,0.010010010010010006,0.0
0.5705705705705706,0.5705705705705706,0.0,1.1411411411411412,1.5,0.010010010010010006,0.0
0.5805805805805806,0.5805805805805806,0.0,1.1611611611611612,1.5,0.010010010010010006,0.0
0.5905905905905906,0.5905905905905906,0.0,1.1811811811811812,1.5,0.010010010010010006,0.0
0.6006006006006006,0.6006006006006006,0.0,1.2012012012012012,1.5,0.010010010010010006,0.0
0.6106106106106106,0.6106106106106106,0.0,1.2212212212212212,1.5,0.010010010010010006,0.0
0.6206206206206206,0.6206206206206206,0.0,1.2412412412412412,1.5,0.010010010010010006,0.0
0.6306306306306306,0.6306306306306306,0.0,1.2612612612612613,1.5,0.010010010010010006,0.0
0.6406406406406406,0.6406406406406406,0.0,1.2812812812812813,1.5,0.010010010010010006,0.0
0.6506506506506506,0.6506506506506506,0.0,1.3013013013013013,1.5,0.010010010010010006,0.0
0.6606606606606606,0.6606606606606606,0.0,1.3213213213213213,1.5,0.010010010010010006,0.0
0.6706706706706707,0.6706706706706707,0.0,1.3413413413413413,1.5,0.010010010010010006,0.0
0.6806806806806807,0.6806806806806807,0.0,1.3613613613613613,1.5,0.010010010010010006,0.0
0.6906906906906907,0.6906906906906907,0.0,1.3813813813813813,1.5,0.010010010010010006,0.0
0.7007007007007007,0.7007007007007007,0.0,1.4014014014014013,1.5,0.010010010010010006,0.0
0.7107107107107107,0.7107107107107107,0.0,1.4214214214214214,1.5,0.010010010010010006,0.0
0.7207207207207207,0.7207207207207207,0.0,1.4414414414414414,1.5,0.010010010010010006,0.0
0.7307307307307307,0.7307307307307307,0.0,1.4614614614614614,1.5,0.010010010010010006,0.0
0.7407407407407407,0.7407407407407407,0.0,1.4814814814814814,1.5,0.010010010010010006,0.0
0.7507507507507507,0.7507507507507507,0.0,1.5015015015015014,1.5,0.010010010010010006,5.551115123125783e-17
0.7607607607607607,0.7607607607607607,1.1102230246251565e-16,1.5215215215215214,1.5,0.010010010010010006,1.1102230246251565e-16
0.7707707707707707,0.7707707707707707,2.220446049250313e-16,1.5415415415415414,1.5,0.010010010010010006,1.1102230246251565e-16
0.7807807807807807,0.7807807807807807,3.3306690738754696e-16,1.5615615615615615,1.5,0.010010010010010006,1.1102230246251565e-16
0.7907907907907907,0.7907907907907907,4.440892098500626e-16,1.5815815815815815,1.5,0.010010010010010006,1.6653345369377348e-16
0.8008008008008007,0.8008008008008007,0.0,1.6016016016016015,1.5,0.010010010010010062,2.220446049250313e-16
0.8108108108108109,0.8108108108108109,0.0,1.6216216216216217,1.5,0.010010010010010062,5.551115123125783e-17
0.8208208208208209,0.8208208208208209,1.1102230246251565e-16,1.6416416416416417,1.5,0.010010010010010006,1.1102230246251565e-16
0.8308308308308309,0.8308308308308309,2.220446049250313e-16,1.6616616616616617,1.5,0.010010010010010006,1.1102230246251565e-16
0.8408408408408409,0.8408408408408409,3.3306690738754696e-16,1.6816816816816818,1.5,0.010010010010010006,1.1102230246251565e-16
0.8508508508508509,0.8508508508508509,4.440892098500626e-16,1.7017017017017018,1.5,0.010010010010010006,1.6653345369377348e-16
0.8608608608608609,0.8608608608608609,0.0,1.7217217217217218,1.5,0.010010010010010006,2.220446049250313e-16
0.8708708708708709,0.8708708708708709,0.0,1.7417417417417418,1.5,0.010010010010010006,0.0
0.8808808808808809,0.8808808808808809,0.0,1.7617617617617618,1.5,0.010010010010010006,0.0
0.8908908908908909,0.8908908908908909,0.0,1.7817817817817818,1.5,0.010010010010010006,0.0
0.9009009009009009,0.9009009009009009,0.0,1.8018018018018018,1.5,0.010010010010010006,0.0
0.9109109109109109,0.9109109109109109,0.0,1.8218218218218218,1.5,0.010010010010010006,0.0
0.9209209209209209,0.9209209209209209,0.0,1.8418418418418419,1.5,0.010010010010010006,0.0
0.9309309309309309,0.9309309309309309,0.0,1.8618618618618619,1.5,0.010010010010010006,0.0
0.9409409409409409,0.9409409409409409,0.0,1.8818818818818819,1.5,0.010010010010010006,0.0005005005005004892
0.950950950950951,0.950950950950951,0.0010010010010009784,1.901901901901902,1.5,0.010010010010010006,0.006006006006005982
0.960960960960961,0.960960960960961,0.012012012012011963,1.921921921921922,1.5,0.010010010010010006,0.016016016016015988
0.970970970970971,0.970970970970971,0.033033033033032955,1.941941941941942,1.5,0.010010010010010006,0.026026026026025995
0.980980980980981,0.980980980980981,0.06406406406406395,1.961961961961962,1.5,0.010010010010010006,0.033533533533533555
0.990990990990991,0.990990990990991,0.10010010010010006,1.981981981981982,1.5,0.009509509509509517,0.018018018018018056
1.001001001001001,1.0,0.10010010010010006,2.0,1.5,0.004504504504504514,0.0005005005005004892
1.011011011011011,1.0,0.09909909909909909,2.0,1.5,0.0,0.006006006006005982
1.021021021021021,1.0,0.0880880880880881,2.0,1.5,0.0,0.016016016016015988
1.031031031031031,1.0,0.06706706706706711,2.0,1.5,0.0,0.026026026026025995
1.0410410410410411,1.0,0.03603603603603611,2.0,1.5,0.0,0.033533533533533555
1.0510510510510511,1.0,0.0,2.0,1.5,0.0,0.018018018018018056
1.0610610610610611,1.0,0.0,2.0,1.5,0.0,0.0
1.0710710710710711,1.0,0.0,2.0,1.5,0.0,0.0
1.0810810810810811,1.0,0.0,2.0,1.5,0.0,0.0
1.0910910910910911,1.0,0.0,2.0,1.5,0.0,0.0
1.1011011011011012,1.0,0.0,2.0,1.5,0.0,0.0
1.1111111111111112,1.0,0.0,2.0,1.5,0.0,0.0
1.1211211211211212,1.0,0.0,2.0,1.5,0.0,0.0
1.1311311311311312,1.0,0.0,2.0,1.5,0.0,0.0
1.1411411411411412,1.0,0.0,2.0,1.5,0.0,0.0
1.1511511511511512,1.0,0.0,2.0,1.5,0.0,0.0
1.1611611611611612,1.0,0.0,2.0,1.5,0.0,0.0
1.1711711711711712,1.0,0.0,2.0,1.5,0.0,0.0
1.1811811811811812,1.0,0.0,2.0,1.5,0.0,0.0
1.1911911911911912,1.0,0.0,2.0,1.5,0.0,0.0
1.2012012012012012,1.0,0.0,2.0,1.5,0.0,0.0
1.2112112112112112,1.0,0.0,2.0,1.5,0.0,0.0
1.2212212212212212,1.0,0.0,2.0,1.5,0.0,0.0
1.2312312312312312,1.0,0.0,2.0,1.5,0.0,0.0
1.2412412412412412,1.0,0.0,2.0,1.5,0.0,0.0
1.2512512512512513,1.0,0.0,2.0,1.5,0.0,0.0
1.2612612612612613,1.0,0.0,2.0,1.5,0.0,0.0
1.2712712712712713,1.0,0.0,2.0,1.5,0.0,0.0
1.2812812812812813,1.0,0.0,2.0,1.5,0.0,0.0
1.2912912912912913,1.0,0.0,2.0,1.5,0.0,0.0
1.3013013013013013,1.0,0.0,2.0,1.5,0.0,0.0
1.3113113113113113,1.0,0.0,2.0,1.5,0.0,0.0
1.3213213213213213,1.0,0.0,2.0,1.5,0.0,0.0
1.3313313313313313,1.0,0.0,2.0,1.5,0.0,0.0
1.3413413413413413,1.0,0.0,2.0,1.5,0.0,0.0
1.3513513513513513,1.0,0.0,2.0,1.5,0.0,0.0
1.3613613613613613,1.0,0.0,2.0,1.5,0.0,0.0
1.3713713713713713,1.0,0.0,2.0,1.5,0.0,0.0
1.3813813813813813,1.0,0.0,2.0,1.5,0.0,0.0
1.3913913913913913,1.0,0.0,2.0,1.5,0.0,0.0
1.4014014014014013,1.0,0.0,2.0,1.5,0.0,0.0
1.4114114114114114,1.0,0.0,2.0,1.5,0.0,0.0
1.4214214214214214,1.0,0.0,2.0,1.5,0.0,0.0
1.4314314314314314,1.0,0.0,2.0,1.5,0.0,0.0
1.4414414414414414,1.0,0.0,2.0,1.5,0.0,0.0
1.4514514514514514,1.0,0.0,2.0,1.5,0.0,0.0
1.4614614614614614,1.0,0.0,2.0,1.5,0.0,0.0
1.4714714714714714,1.0,0.0,2.0,1.5,0.0,0.0
1.4814814814814814,1.0,0.0,2.0,1.5,0.0,0.0
1.4914914914914914,1.0,0.0,2.0,1.5,0.0,0.0
1.5015015015015014,1.0,0.0,2.0,1.5,0.0,0.0
1.5115115115115114,1.0,0.0,2.0,1.5,0.0,0.0
1.5215215215215214,1.0,0.0,2.0,1.5,0.0,0.0
1.5315315315315314,1.0,0.0,2.0,1.5,0.0,0.0
1.5415415415415414,1.0,0.0,2.0,1.5,0.0,0.0
1.5515515515515514,1.0,0.0,2.0,1.5,0.0,0.0
1.5615615615615615,1.0,0.0,2.0,1.5,0.0,0.0
1.5715715715715715,1.0,0.0,2.0,1.5,0.0,0.0
1.5815815815815815,1.0,0.0,2.0,1.5,0.0,0.0
1.5915915915915915,1.0,0.0,2.0,1.5,0.0,0.0
1.6016016016016015,1.0,0.0,2.0,1.5,0.0,0.0
1.6116116116116117,1.0,0.0,2.0,1.5,0.0,0.0
1.6216216216216217,1.0,0.0,2.0,1.5,0.0,0.0
1.6316316316316317,1.0,0.0,2.0,1.5,0.0,0.0
1.6416416416416417,1.0,0.0,2.0,1.5,0.0,0.0
1.6516516516516517,1.0,0.0,2.0,1.5,0.0,0.0
1.6616616616616617,1.0,0.0,2.0,1.5,0.0,0.0
1.6716716716716717,1.0,0.0,2.0,1.5,0.0,0.0
1.6816816816816818,1.0,0.0,2.0,1.5,0.0,0.0
1.6916916916916918,1.0,0.0,2.0,1.5,0.0,0.0
1.7017017017017018,1.0,0.0,2.0,1.5,0.0,0.0
1.7117117117117118,1.0,0.0,2.0,1.5,0.0,0.0
1.7217217217217218,1.0,0.0,2.0,1.5,0.0,0.0
1.7317317317317318,1.0,0.0,2.0,1.5,0.0,0.0
1.7417417417417418,1.0,0.0,2.0,1.5,0.0,0.0
1.7517517517517518,1.0,0.0,2.0,1.5,0.0,0.0
1.7617617617617618,1.0,0.0,2.0,1.5,0.0,0.0
1.7717717717717718,1.0,0.0,2.0,1.5,0.0,0.0
1.7817817817817818,1.0,0.0,2.0,1.5,0.0,0.0
1.7917917917917918,1.0,0.0,2.0,1.5,0.0,0.0
1.8018018018018018,1.0,0.0,2.0,1.5,0.0,0.0
1.8118118118118118,1.0,0.0,2.0,1.5,0.0,0.0
1.8218218218218218,1.0,0.0,2.0,1.5,0.0,0.0
1.8318318318318318,1.0,0.0,2.0,1.5,0.0,0.0
1.8418418418418419,1.0,0.0,2.0,1.5,0.0,0.0
1.8518518518518519,1.0,0.0,2.0,1.5,0.0,0.0
1.8618618618618619,1.0,0.0,2.0,1.5,0.0,0.0
1.8718718718718719,1.0,0.0,2.0,1.5,0.0,0.0
1.8818818818818819,1.0,0.0,2.0,1.5,0.0,0.0
1.8918918918918919,1.0,0.0,2.0,1.5,0.0,0.0
1.901901901901902,1.0,0.0,2.0,1.5,0.0,0.0
1.911911911911912,1.0,0.0,2.0,1.5,0.0,0.0
1.921921921921922,1.0,0.0,2.0,1.5,0.0,0.0
1.931931931931932,1.0,0.0,2.0,1.5,0.0,0.0
1.941941941941942,1.0,0.0,2.0,1.5,0.0,0.0
1.951951951951952,1.0,0.0,2.0,1.5,0.0,0.0
1.961961961961962,1.0,0.0,2.0,1.5,0.0,0.0
1.971971971971972,1.0,0.0,2.0,1.5,0.0,0.0
1.981981981981982,1.0,0.0,2.0,1.5,0.0,0.0
1.991991991991992,1.0,0.0,2.0,1.5,0.0,0.0
2.002002002002002,1.0,0.0,2.0,0.0,0.0,0.0
2.012012012012012,1.0,0.0,2.0,0.0,0.0,0.0
2.022022022022022,1.0,0.0,2.0,0.0,0.0,0.0
2.032032032032032,1.0,0.0,2.0,0.0,0.0,0.0
2.042042042042042,1.0,0.0,2.0,0.0,0.0,0.0
2.052052052052052,1.0,0.0,2.0,0.0,0.0,0.0
2.062062062062062,1.0,0.0,2.0,0.0,0.0,0.0
2.0720720720720722,1.0,0.0,2.0,0.0,0.0,0.0
2.0820820820820822,1.0,0.0,2.0,0.0,0.0,0.0
2.0920920920920922,1.0,0.0,2.0,0.0,0.0,0.0
2.1021021021021022,1.0,0.0,2.0,0.0,0.0,0.0
2.1121121121121122,1.0,0.0,2.0,0.0,0.0,0.0
2.1221221221221223,1.0,0.0,2.0,0.0,0.0,0.0
2.1321321321321323,1.0,0.0,2.0,0.0,0.0,0.0
2.1421421421421423,1.0,0.0,2.0,0.0,0.0,0.0
2.1521521521521523,1.0,0.0,2.0,0.0,0.0,0.0
2.1621621621621623,1.0,0.0,2.0,0.0,0.0,0.0
2.1721721721721723,1.0,0.0,2.0,0.0,0.0,0.0
2.1821821821821823,1.0,0.0,2.0,0.0,0.0,0.0
2.1921921921921923,1.0,0.0,2.0,0.0,0.0,0.0
2.2022022022022023,1.0,0.0,2.0,0.0,0.0,0.0
2.2122122122122123,1.0,0.0,2.0,0.0,0.0,0.0
2.2222222222222223,1.0,0.0,2.0,0.0,0.0,0.0
2.2322322322322323,1.0,0.0,2.0,0.0,0.0,0.0
2.2422422422422423,1.0,0.0,2.0,0.0,0.0,0.0
2.2522522522522523,1.0,0.0,2.0,0.0,0.0,0.0
2.2622622622622623,1.0,0.0,2.0,0.0,0.0,0.0
2.2722722722722724,1.0,0.0,2.0,0.0,0.0,0.0
2.2822822822822824,1.0,0.0,2.0,0.0,0.0,0.0
2.2922922922922924,1.0,0.0,2.0,0.0,0.0,0.0
2.3023023023023024,1.0,0.0,2.0,0.0,0.0,0.0
2.3123123123123124,1.0,0.0,2.0,0.0,0.0,0.0
2.3223223223223224,1.0,0.0,2.0,0.0,0.0,0.0
2.3323323323323324,1.0,0.0,2.0,0.0,0.0,0.0
2.3423423423423424,1.0,0.0,2.0,0.0,0.0,0.0
2.3523523523523524,1.0,0.0,2.0,0.0,0.0,0.0
2.3623623623623624,1.0,0.0,2.0,0.0,0.0,0.0
2.3723723723723724,1.0,0.0,2.0,0.0,0.0,0.0
2.3823823823823824,1.0,0.0,2.0,0.0,0.0,0.0
2.3923923923923924,1.0,0.0,2.0,0.0,0.0,0.0
2.4024024024024024,1.0,0.0,2.0,0.0,0.0,0.0
2.4124124124124124,1.0,0.0,2.0,0.0,0.0,0.0
2.4224224224224224,1.0,0.0,2.0,0.0,0.0,0.0
2.4324324324324325,1.0,0.0,2.0,0.0,0.0,0.0
2.4424424424424425,1.0,0.0,2.0,0.0,0.0,0.0
2.4524524524524525,1.0,0.0,2.0,0.0,0.0,0.0
2.4624624624624625,1.0,0.0,2.0,0.0,0.0,0.0
2.4724724724724725,1.0,0.0,2.0,0.0,0.0,0.0
2.4824824824824825,1.0,0.0,2.0,0.0,0.0,0.0
2.4924924924924925,1.0,0.0,2.0,0.0,0.0,0.0
2.5025025025025025,1.0,0.0,2.0,0.0,0.0,0.0
2.5125125125125125,1.0,0.0,2.0,0.0,0.0,0.0
2.5225225225225225,1.0,0.0,2.0,0.0,0.0,0.0
2.5325325325325325,1.0,0.0,2.0,0.0,0.0,0.0
2.5425425425425425,1.0,0.0,2.0,0.0,0.0,0.0
2.5525525525525525,1.0,0.0,2.0,0.0,0.0,0.0
2.5625625625625625,1.0,0.0,2.0,0.0,0.0,0.0
2.5725725725725725,1.0,0.0,2.0,0.0,0.0,0.0
2.5825825825825826,1.0,0.0,2.0,0.0,0.0,0.0
2.5925925925925926,1.0,0.0,2.0,0.0,0.0,0.0
2.6026026026026026,1.0,0.0,2.0,0.0,0.0,0.0
2.6126126126126126,1.0,0.0,2.0,0.0,0.0,0.0
2.6226226226226226,1.0,0.0,2.0,0.0,0.0,0.0
2.6326326326326326,1.0,0.0,2.0,0.0,0.0,0.0
2.6426426426426426,1.0,0.0,2.0,0.0,0.0,0.0
2.6526526526526526,1.0,0.0,2.0,0.0,0.0,0.0
2.6626626626626626,1.0,0.0,2.0,0.0,0.0,0.0
2.6726726726726726,1.0,0.0,2.0,0.0,0.0,0.0
2.6826826826826826,1.0,0.0,2.0,0.0,0.0,0.0
2.6926926926926926,1.0,0.0,2.0,0.0,0.0,0.0
2.7027027027027026,1.0,0.0,2.0,0.0,0.0,0.0
2.7127127127127126,1.0,0.0,2.0,0.0,0.0,0.0
2.7227227227227226,1.0,0.0,2.0,0.0,0.0,0.0
2.7327327327327327,1.0,0.0,2.0,0.0,0.0,0.0
2.7427427427427427,1.0,0.0,2.0,0.0,0.0,0.0
2.7527527527527527,1.0,0.0,2.0,0.0,0.0,0.0
2.7627627627627627,1.0,0.0,2.0,0.0,0.0,0.0
2.7727727727727727,1.0,0.0,2.0,0.0,0.0,0.0
2.7827827827827827,1.0,0.0,2.0,0.0,0.0,0.0
2.7927927927927927,1.0,0.0,2.0,0.0,0.0,0.0
2.8028028028028027,1.0,0.0,2.0,0.0,0.0,0.0
2.8128128128128127,1.0,0.0,2.0,0.0,0.0,0.0
2.8228228228228227,1.0,0.0,2.0,0.0,0.0,0.0
2.8328328328328327,1.0,0.0,2.0,0.0,0.0,0.0
2.8428428428428427,1.0,0.0,2.0,0.0,0.0,0.0
2.8528528528528527,1.0,0.0,2.0,0.0,0.0,0.0
2.8628628628628627,1.0,0.0,2.0,0.0,0.0,0.0
2.8728728728728727,1.0,0.0,2.0,0.0,0.0,0.0
2.8828828828828827,1.0,0.0,2.0,0.0,0.0,0.0
2.8928928928928928,1.0,0.0,2.0,0.0,0.0,0.0
2.9029029029029028,1.0,0.0,2.0,0.0,0.0,0.0
2.9129129129129128,1.0,0.0,2.0,0.0,0.0,0.0
2.9229229229229228,1.0,0.0,2.0,0.0,0.0,0.0
2.932932932932933,1.0,0.0,2.0,0.0,0.0,0.0
2.942942942942943,1.0,0.0,2.0,0.0,0.0,0.0
2.952952952952953,1.0,0.0,2.0,0.0,0.0,0.0
2.962962962962963,1.0,0.0,2.0,0.0,0.0,0.0
2.972972972972973,1.0,0.0,2.0,0.0,0.0,0.0
2.982982982982983,1.0,0.0,2.0,0.0,0.0,0.0
2.992992992992993,1.0,0.0,2.0,0.0,0.0,0.0
3.003003003003003,1.0,0.0,1.9880060240420607,0.0,0.0,0.0
3.013013013013013,1.0,0.0,1.9482866249633024,0.0,0.0,0.0
3.023023023023023,1.0,0.0,1.908968027086146,0.0,0.0,0.0
3.033033033033033,1.0,0.0,1.8700502304105915,0.0,0.0,0.0
3.043043043043043,1.0,0.0,1.831533234936639,0.0,0.0,0.0
3.053053053053053,1.0,0.0,1.7934170406642886,0.0,0.0,0.0
3.063063063063063,1.0,0.0,1.7557016475935403,0.0,0.0,0.0
3.073073073073073,1.0,0.0,1.7183870557243939,0.0,0.0,0.0
3.083083083083083,1.0,0.0,1.6814732650568494,0.0,0.0,0.0
3.093093093093093,1.0,0.0,1.644960275590907,0.0,0.0,0.0
3.103103103103103,1.0,0.0,1.6088480873265665,0.0,0.0,0.0
3.113113113113113,1.0,0.0,1.5731367002638281,0.0,0.0,0.0
3.123123123123123,1.0,0.0,1.5378261144026917,0.0,0.0,0.0
3.133133133133133,1.0,0.0,1.5029163297431574,0.0,0.0,0.0
3.143143143143143,1.0,0.0,1.468407346285225,0.0,0.0,0.0
3.153153153153153,1.0,0.0,1.4342991640288945,0.0,0.0,0.0
3.163163163163163,1.0,0.0,1.400591782974166,0.0,0.0,0.0
3.173173173173173,1.0,0.0,1.3672852031210398,0.0,0.0,0.0
3.183183183183183,1.0,0.0,1.3343794244695153,0.0,0.0,0.0
3.193193193193193,1.0,0.0,1.3018744470195929,0.0,0.0,0.0
3.203203203203203,1.0,0.0,1.2697702707712726,0.0,0.0,0.0
3.2132132132132134,1.0,0.0,1.2380668957245529,0.0,0.0,0.0
3.2232232232232234,1.0,0.0,1.2067643218794364,0.0,0.0,0.0
3.2332332332332334,1.0,0.0,1.175862549235922,0.0,0.0,0.0
3.2432432432432434,1.0,0.0,1.1453615777940096,0.0,0.0,0.0
3.2532532532532534,1.0,0.0,1.1152614075536993,0.0,0.0,0.0
3.2632632632632634,1.0,0.0,1.085562038514991,0.0,0.0,0.0
3.2732732732732734,1.0,0.0,1.0562634706778846,0.0,0.0,0.0
3.2832832832832834,1.0,0.0,1.0273657040423803,0.0,0.0,0.0
3.2932932932932935,1.0,0.0,0.9988687386084779,0.0,0.0,0.0
3.3033033033033035,1.0,0.0,0.9707725743761776,0.0,0.0,0.0
3.3133133133133135,1.0,0.0,0.9430772113454792,0.0,0.0,0.0
3.3233233233233235,1.0,0.0,0.9157826495163829,0.0,0.0,0.0
3.3333333333333335,1.0,0.0,0.8888888888888885,0.0,0.0,0.0
3.3433433433433435,1.0,0.0,0.8623959294629961,0.0,0.0,0.0
3.3533533533533535,1.0,0.0,0.8363037712387058,0.0,0.0,0.0
3.3633633633633635,1.0,0.0,0.8106124142160175,0.0,0.0,0.0
3.3733733733733735,1.0,0.0,0.7853218583949312,0.0,0.0,0.0
3.3833833833833835,1.0,0.0,0.7604321037754468,0.0,0.0,0.0
3.3933933933933935,1.0,0.0,0.7359431503575644,0.0,0.0,0.0
3.4034034034034035,1.0,0.0,0.7118549981412842,0.0,0.0,0.0
3.4134134134134135,1.0,0.0,0.6881676471266058,0.0,0.0,0.0
3.4234234234234235,1.0,0.0,0.6648810973135295,0.0,0.0,0.0
3.4334334334334335,1.0,0.0,0.6419953487020551,0.0,0.0,0.0
3.4434434434434436,1.0,0.0,0.6195104012921828,0.0,0.0,0.0
3.4534534534534536,1.0,0.0,0.5974262550839126,0.0,0.0,0.0
3.4634634634634636,1.0,0.0,0.5757429100772442,0.0,0.0,0.0
3.4734734734734736,1.0,0.0,0.5544603662721779,0.0,0.0,0.0
3.4834834834834836,1.0,0.0,0.5335786236687136,0.0,0.0,0.0
3.4934934934934936,1.0,0.0,0.5130976822668513,0.0,0.0,0.0
3.5035035035035036,1.0,0.0,0.49301754206659093,0.0,0.0,0.0
3.5135135135135136,1.0,0.0,0.4733382030679326,0.0,0.0,0.0
3.5235235235235236,1.0,0.0,0.4540596652708763,0.0,0.0,0.0
3.5335335335335336,1.0,0.0,0.43518192867542205,0.0,0.0,0.0
3.5435435435435436,1.0,0.0,0.41670499328156974,0.0,0.0,0.0
3.5535535535535536,1.0,0.0,0.39862885908931944,0.0,0.0,0.0
3.5635635635635636,1.0,0.0,0.3809535260986711,0.0,0.0,0.0
3.5735735735735736,1.0,0.0,0.36367899430962486,0.0,0.0,0.0
3.5835835835835836,1.0,0.0,0.34680526372218057,0.0,0.0,0.0
3.5935935935935936,1.0,0.0,0.33033233433633824,0.0,0.0,0.0
3.6036036036036037,1.0,0.0,0.314260206152098,0.0,0.0,0.0
3.6136136136136137,1.0,0.0,0.2985888791694597,0.0,0.0,0.0
3.6236236236236237,1.0,0.0,0.28331835338842337,0.0,0.0,0.0
3.6336336336336337,1.0,0.0,0.2684486288089891,0.0,0.0,0.0
3.6436436436436437,1.0,0.0,0.25397970543115683,0.0,0.0,0.0
3.6536536536536537,1.0,0.0,0.23991158325492656,0.0,0.0,0.0
3.6636636636636637,1.0,0.0,0.22624426228029829,0.0,0.0,0.0
3.6736736736736737,1.0,0.0,0.212977742507272,0.0,0.0,0.0
3.6836836836836837,1.0,0.0,0.20011202393584773,0.0,0.0,0.0
3.6936936936936937,1.0,0.0,0.18764710656602546,0.0,0.0,0.0
3.7037037037037037,1.0,0.0,0.1755829903978052,0.0,0.0,0.0
3.7137137137137137,1.0,0.0,0.16391967543118693,0.0,0.0,0.0
3.7237237237237237,1.0,0.0,0.15265716166617066,0.0,0.0,0.0
3.7337337337337337,1.0,0.0,0.1417954491027564,0.0,0.0,0.0
3.7437437437437437,1.0,0.0,0.13133453774094414,0.0,0.0,0.0
3.7537537537537538,1.0,0.0,0.12127442758073388,0.0,0.0,0.0
3.7637637637637638,1.0,0.0,0.11161511862212563,0.0,0.0,0.0
3.7737737737737738,1.0,0.0,0.10235661086511938,0.0,0.0,0.0
3.7837837837837838,1.0,0.0,0.09349890430971514,0.0,0.0,0.0
3.793793793793794,1.0,0.0,0.08504199895591288,0.0,0.0,0.0
3.803803803803804,1.0,0.0,0.07698589480371264,0.0,0.0,0.0
3.813813813813814,1.0,0.0,0.0693305918531144,0.0,0.0,0.0
3.823823823823824,1.0,0.0,0.06207609010411815,0.0,0.0,0.0
3.833833833833834,1.0,0.0,0.055222389556723914,0.0,0.0,0.0
3.843843843843844,1.0,0.0,0.048769490210931674,0.0,0.0,0.0
3.853853853853854,1.0,0.0,0.04271739206674144,0.0,0.0,0.0
3.863863863863864,1.0,0.0,0.0370660951241532,0.0,0.0,0.0
3.873873873873874,1.0,0.0,0.03181559938316697,0.0,0.0,0.0
3.883883883883884,1.0,0.0,0.026965904843782744,0.0,0.0,0.0
3.893893893893894,1.0,0.0,0.022517011506000516,0.0,0.0,0.0
3.903903903903904,1.0,0.0,0.018468919369820293,0.0,0.0,0.0
3.913913913913914,1.0,0.0,0.01482162843524207,0.0,0.0,0.0
3.923923923923924,1.0,0.0,0.011575138702265848,0.0,0.0,0.0
3.933933933933934,1.0,0.0,0.00872945017089163,0.0,0.0,0.0
3.943943943943944,1.0,0.0,0.006284562841119413,0.0,0.0,0.0
3.953953953953954,1.0,0.0,0.004240476712949199,0.0,0.0,0.0
3.963963963963964,1.0,0.0,0.0025971917863809864,0.0,0.0,0.0
3.973973973973974,1.0,0.0,0.0013547080614147763,0.0,0.0,0.0
3.983983983983984,1.0,0.0,0.0005130255380505684,0.0,0.0,0.0
3.993993993993994,1.0,0.0,0.00007214421628836251,0.0,0.0,0.0
4.004004004004004,1.0,0.0,0.00003206409612816586,0.0,0.0,0.0
4.014014014014014,1.0,0.0,0.000392785177569982,0.0,0.0,0.0
4.024024024024024,1.0,0.0,0.0011543074606138002,0.0,0.0,0.0
4.034034034034034,1.0,0.0,0.0023166309452596207,0.0,0.0,0.0
4.044044044044044,1.0,0.0,0.003879755631507443,0.0,0.0,0.0
4.054054054054054,1.0,0.0,0.005843681519357268,0.0,0.0,0.0
4.064064064064064,1.0,0.0,0.008208408608809094,0.0,0.0,0.0
4.074074074074074,1.0,0.0,0.010973936899862924,0.0,0.0,0.0
4.084084084084084,1.0,0.0,0.014140266392518754,0.0,0.0,0.0
4.094094094094094,1.0,0.0,0.017707397086776586,0.0,0.0,0.0
4.104104104104104,1.0,0.0,0.02167532898263642,0.0,0.0,0.0
4.114114114114114,1.0,0.0,0.02604406208009826,0.0,0.0,0.0
4.124124124124124,1.0,0.0,0.0308135963791621,0.0,0.0,0.0
4.134134134134134,1.0,0.0,0.03598393187982794,0.0,0.0,0.0
4.1441441441441444,1.0,0.0,0.04155506858209578,0.0,0.0,0.0
4.1541541541541545,1.0,0.0,0.04752700648596563,0.0,0.0,0.0
4.1641641641641645,1.0,0.0,0.05389974559143748,0.0,0.0,0.0
4.1741741741741745,1.0,0.0,0.06067328589851133,0.0,0.0,0.0
4.1841841841841845,1.0,0.0,0.06784762740718718,0.0,0.0,0.0
4.1941941941941945,1.0,0.0,0.07542277011746504,0.0,0.0,0.0
4.2042042042042045,1.0,0.0,0.08339871402934489,0.0,0.0,0.0
4.2142142142142145,1.0,0.0,0.09177545914282675,0.0,0.0,0.0
4.2242242242242245,1.0,0.0,0.10055300545791061,0.0,0.0,0.0
4.2342342342342345,1.0,0.0,0.10973135297459648,0.0,0.0,0.0
4.2442442442442445,1.0,0.0,0.11931050169288433,0.0,0.0,0.0
4.2542542542542545,1.0,0.0,0.1292904516127742,0.0,0.0,0.0
4.2642642642642645,1.0,0.0,0.1396712027342661,0.0,0.0,0.0
4.2742742742742745,1.0,0.0,0.15045275505735994,0.0,0.0,0.0
4.2842842842842845,1.0,0.0,0.16163510858205582,0.0,0.0,0.0
4.2942942942942945,1.0,0.0,0.1732182633083537,0.0,0.0,0.0
4.3043043043043046,1.0,0.0,0.18520221923625357,0.0,0.0,0.0
4.314314314314315,1.0,0.0,0.19758697636575545,0.0,0.0,0.0
4.324324324324325,1.0,0.0,0.21037253469685932,0.0,0.0,0.0
4.334334334334335,1.0,0.0,0.2235588942295652,0.0,0.0,0.0
4.344344344344345,1.0,0.0,0.23714605496387312,0.0,0.0,0.0
4.354354354354355,1.0,0.0,0.251134016899783,0.0,0.0,0.0
4.364364364364365,1.0,0.0,0.2655227800372949,0.0,0.0,0.0
4.374374374374375,1.0,0.0,0.2803123443764088,0.0,0.0,0.0
4.384384384384385,1.0,0.0,0.2955027099171247,0.0,0.0,0.0
4.394394394394395,1.0,0.0,0.31109387665944255,0.0,0.0,0.0
4.404404404404405,1.0,0.0,0.3270858446033625,0.0,0.0,0.0
4.414414414414415,1.0,0.0,0.3434786137488844,0.0,0.0,0.0
4.424424424424425,1.0,0.0,0.36027218409600825,0.0,0.0,0.0
4.434434434434435,1.0,0.0,0.3774665556447342,0.0,0.0,0.0
4.444444444444445,1.0,0.0,0.3950617283950621,0.0,0.0,0.0
4.454454454454455,1.0,0.0,0.41305770234699196,0.0,0.0,0.0
4.464464464464465,1.0,0.0,0.4314544775005239,0.0,0.0,0.0
4.474474474474475,1.0,0.0,0.4502520538556578,0.0,0.0,0.0
4.484484484484485,1.0,0.0,0.46945043141239373,0.0,0.0,0.0
4.494494494494495,1.0,0.0,0.4890496101707317,0.0,0.0,0.0
4.504504504504505,1.0,0.0,0.5090495901306715,0.0,0.0,0.0
4.514514514514515,1.0,0.0,0.5294503712922135,0.0,0.0,0.0
4.524524524524525,1.0,0.0,0.5502519536553574,0.0,0.0,0.0
4.534534534534535,1.0,0.0,0.5714543372201033,0.0,0.0,0.0
4.544544544544545,1.0,0.0,0.5930575219864512,0.0,0.0,0.0
4.554554554554555,1.0,0.0,0.6150615079544012,0.0,0.0,0.0
4.564564564564565,1.0,0.0,0.6374662951239531,0.0,0.0,0.0
4.574574574574575,1.0,0.0,0.660271883495107,0.0,0.0,0.0
4.584584584584585,1.0,0.0,0.683478273067863,0.0,0.0,0.0
4.594594594594595,1.0,0.0,0.7070854638422209,0.0,0.0,0.0
4.604604604604605,1.0,0.0,0.7310934558181809,0.0,0.0,0.0
4.614614614614615,1.0,0.0,0.7555022489957428,0.0,0.0,0.0
4.624624624624625,1.0,0.0,0.7803118433749068,0.0,0.0,0.0
4.634634634634635,1.0,0.0,0.8055222389556728,0.0,0.0,0.0
4.644644644644645,1.0,0.0,0.8311334357380407,0.0,0.0,0.0
4.654654654654655,1.0,0.0,0.8571454337220106,0.0,0.0,0.0
4.664664664664665,1.0,0.0,0.8835582329075826,0.0,0.0,0.0
4.674674674674675,1.0,0.0,0.9103718332947566,0.0,0.0,0.0
4.684684684684685,1.0,0.0,0.9375862348835324,0.0,0.0,0.0
4.694694694694695,1.0,0.0,0.9652014376739104,0.0,0.0,0.0
4.704704704704705,1.0,0.0,0.9932174416658904,0.0,0.0,0.0
4.714714714714715,1.0,0.0,1.0216342468594724,0.0,0.0,0.0
4.724724724724725,1.0,0.0,1.0504518532546563,0.0,0.0,0.0
4.734734734734735,1.0,0.0,1.0796702608514424,0.0,0.0,0.0
4.744744744744745,1.0,0.0,1.1092894696498303,0.0,0.0,0.0
4.754754754754755,1.0,0.0,1.1393094796498202,0.0,0.0,0.0
4.764764764764765,1.0,0.0,1.1697302908514122,0.0,0.0,0.0
4.774774774774775,1.0,0.0,1.2005519032546061,0.0,0.0,0.0
4.784784784784785,1.0,0.0,1.2317743168594022,0.0,0.0,0.0
4.794794794794795,1.0,0.0,1.2633975316658002,0.0,0.0,0.0
4.804804804804805,1.0,0.0,1.2954215476738002,0.0,0.0,0.0
4.814814814814815,1.0,0.0,1.3278463648834022,0.0,0.0,0.0
4.824824824824825,1.0,0.0,1.3606719832946061,0.0,0.0,0.0
4.834834834834835,1.0,0.0,1.3938984029074122,0.0,0.0,0.0
4.844844844844845,1.0,0.0,1.4275256237218201,0.0,0.0,0.0
4.854854854854855,1.0,0.0,1.4615536457378302,0.0,0.0,0.0
4.864864864864865,1.0,0.0,1.4959824689554422,0.0,0.0,0.0
4.874874874874875,1.0,0.0,1.530812093374656,0.0,0.0,0.0
4.884884884884885,1.0,0.0,1.566042518995472,0.0,0.0,0.0
4.894894894894895,1.0,0.0,1.60167374581789,0.0,0.0,0.0
4.904904904904905,1.0,0.0,1.63770577384191,0.0,0.0,0.0
4.914914914914915,1.0,0.0,1.674138603067532,0.0,0.0,0.0
4.924924924924925,1.0,0.0,1.7109722334947561,0.0,0.0,0.0
4.934934934934935,1.0,0.0,1.7482066651235821,0.0,0.0,0.0
4.944944944944945,1.0,0.0,1.78584189795401,0.0,0.0,0.0
4.954954954954955,1.0,0.0,1.82387793198604,0.0,0.0,0.0
4.964964964964965,1.0,0.0,1.8623147672196723,0.0,0.0,0.0
4.974974974974975,1.0,0.0,1.9011524036549061,0.0,0.0,0.0
4.984984984984985,1.0,0.0,1.940390841291742,0.0,0.0,0.0
4.994994994994995,1.0,0.0,1.9800300801301802,0.0,0.0,0.0
5.005005005005005,1.0,0.0,2.0,1.5,0.0,0.0
5.015015015015015,1.0,0.0,2.0,1.5,0.0,0.0
5.025025025025025,1.0,0.0,2.0,1.5,0.0,0.0
5.035035035035035,1.0,0.0,2.0,1.5,0.0,0.0
5.045045045045045,1.0,0.0,2.0,1.5,0.0,0.0
5.055055055055055,1.0,0.0,2.0,1.5,0.0,0.0
5.065065065065065,1.0,0.0,2.0,1.5,0.0,0.0
5.075075075075075,1.0,0.0,2.0,1.5,0.0,0.0
5.085085085085085,1.0,0.0,2.0,1.5,0.0,0.0
5.095095095095095,1.0,0.0,2.0,1.5,0.0,0.0
5.105105105105105,1.0,0.0,2.0,1.5,0.0,0.0
5.115115115115115,1.0,0.0,2.0,1.5,0.0,0.0
5.125125125125125,1.0,0.0,2.0,1.5,0.0,0.0
5.135135135135135,1.0,0.0,2.0,1.5,0.0,0.0
5.145145145145145,1.0,0.0,2.0,1.5,0.0,0.0
5.155155155155155,1.0,0.0,2.0,1.5,0.0,0.0
5.165165165165165,1.0,0.0,2.0,1.5,0.0,0.0
5.175175175175175,1.0,0.0,2.0,1.5,0.0,0.0
5.185185185185185,1.0,0.0,2.0,1.5,0.0,0.0
5.195195195195195,1.0,0.0,2.0,1.5,0.0,0.0
5.205205205205205,1.0,0.0,2.0,1.5,0.0,0.0
5.215215215215215,1.0,0.0,2.0,1.5,0.0,0.0
5.225225225225225,1.0,0.0,2.0,1.5,0.0,0.0
5.235235235235235,1.0,0.0,2.0,1.5,0.0,0.0
5.245245245245245,1.0,0.0,2.0,1.5,0.0,0.0
5.255255255255255,1.0,0.0,2.0,1.5,0.0,0.0
5.265265265265265,1.0,0.0,2.0,1.5,0.0,0.0
5.275275275275275,1.0,0.0,2.0,1.5,0.0,0.0
5.285285285285285,1.0,0.0,2.0,1.5,0.0,0.0
5.295295295295295,1.0,0.0,2.0,1.5,0.0,0.0
5.305305305305305,1.0,0.0,2.0,1.5,0.0,0.0
5.315315315315315,1.0,0.0,2.0,1.5,0.0,0.0
5.325325325325325,1.0,0.0,2.0,1.5,0.0,0.0
5.335335335335335,1.0,0.0,2.0,1.5,0.0,0.0
5.345345345345345,1.0,0.0,2.0,1.5,0.0,0.0
5.355355355355355,1.0,0.0,2.0,1.5,0.0,0.0
5.365365365365365,1.0,0.0,2.0,1.5,0.0,0.0
5.375375375375375,1.0,0.0,2.0,1.5,0.0,0.0
5.385385385385385,1.0,0.0,2.0,1.5,0.0,0.0
5.395395395395395,1.0,0.0,2.0,1.5,0.0,0.0
5.405405405405405,1.0,0.0,2.0,1.5,0.0,0.0
5.415415415415415,1.0,0.0,2.0,1.5,0.0,0.0
5.425425425425425,1.0,0.0,2.0,1.5,0.0,0.0
5.435435435435435,1.0,0.0,2.0,1.5,0.0,0.0
5.445445445445445,1.0,0.0,2.0,1.5,0.0,0.0
5.455455455455455,1.0,0.0,2.0,1.5,0.0,0.0
5.465465465465465,1.0,0.0,2.0,1.5,0.0,0.0
5.475475475475475,1.0,0.0,2.0,1.5,0.0,0.0
5.485485485485485,1.0,0.0,2.0,1.5,0.0,0.0
5.495495495495495,1.0,0.0,2.0,1.5,0.0,0.0
5.505505505505505,1.0,0.0,2.0,1.5,0.0,0.0
5.515515515515515,1.0,0.0,2.0,1.5,0.0,0.0
5.525525525525525,1.0,0.0,2.0,1.5,0.0,0.0
5.535535535535535,1.0,0.0,2.0,1.5,0.0,0.0
5.545545545545545,1.0,0.0,2.0,1.5,0.0,0.0
5.555555555555555,1.0,0.0,2.0,1.5,0.0,0.0
5.565565565565565,1.0,0.0,2.0,1.5,0.0,0.0
5.575575575575575,1.0,0.0,2.0,1.5,0.0,0.0
5.585585585585585,1.0,0.0,2.0,1.5,0.0,0.0
5.595595595595595,1.0,0.0,2.0,1.5,0.0,0.0
5.605605605605605,1.0,0.0,2.0,1.5,0.0,0.0
5.615615615615615,1.0,0.0,2.0,1.5,0.0,0.0
5.625625625625625,1.0,0.0,2.0,1.5,0.0,0.0
5.635635635635635,1.0,0.0,2.0,1.5,0.0,0.0
5.645645645645645,1.0,0.0,2.0,1.5,0.0,0.0
5.655655655655655,1.0,0.0,2.0,1.5,0.0,0.0
5.665665665665665,1.0,0.0,2.0,1.5,0.0,0.0
5.675675675675675,1.0,0.0,2.0,1.5,0.0,0.0
5.685685685685685,1.0,0.0,2.0,1.5,0.0,0.0
5.6956956956956954,1.0,0.0,2.0,1.5,0.0,0.0
5.7057057057057055,1.0,0.0,2.0,1.5,0.0,0.0
5.7157157157157155,1.0,0.0,2.0,1.5,0.0,0.0
5.7257257257257255,1.0,0.0,2.0,1.5,0.0,0.0
5.7357357357357355,1.0,0.0,2.0,1.5,0.0,0.0
5.7457457457457455,1.0,0.0,2.0,1.5,0.0,0.0
5.7557557557557555,1.0,0.0,2.0,1.5,0.0,0.0
5.7657657657657655,1.0,0.0,2.0,1.5,0.0,0.0
5.7757757757757755,1.0,0.0,2.0,1.5,0.0,0.0
5.7857857857857855,1.0,0.0,2.0,1.5,0.0,0.0
5.7957957957957955,1.0,0.0,2.0,1.5,0.0,0.0
5.8058058058058055,1.0,0.0,2.0,1.5,0.0,0.0
5.8158158158158155,1.0,0.0,2.0,1.5,0.0,0.0
5.8258258258258255,1.0,0.0,2.0,1.5,0.0,0.0
5.8358358358358355,1.0,0.0,2.0,1.5,0.0,0.0
5.8458458458458455,1.0,0.0,2.0,1.5,0.0,0.0
5.8558558558558556,1.0,0.0,2.0,1.5,0.0,0.0
5.865865865865866,1.0,0.0,2.0,1.5,0.0,0.0
5.875875875875876,1.0,0.0,2.0,1.5,0.0,0.0
5.885885885885886,1.0,0.0,2.0,1.5,0.0,0.0
5.895895895895896,1.0,0.0,2.0,1.5,0.0,0.0
5.905905905905906,1.0,0.0,2.0,1.5,0.0,0.0
5.915915915915916,1.0,0.0,2.0,1.5,0.0,0.0
5.925925925925926,1.0,0.0,2.0,1.5,0.0,0.0
5.935935935935936,1.0,0.0,2.0,1.5,0.0,0.0
5.945945945945946,1.0,0.0,2.0,1.5,0.0,0.0030030030030028243
5.955955955955956,1.0,0.006006006006005649,2.0,1.5,0.0,0.011011011011010652
5.965965965965966,1.0,0.022022022022021304,2.0,1.5,0.0,0.02102102102102066
5.975975975975976,1.0,0.048048048048046965,2.0,1.5,0.0,0.031031031031030665
5.985985985985986,1.0,0.08408408408408263,2.0,1.5,0.0,0.02602602602602655
5.995995995995996,1.0,0.10010010010010006,2.0,1.5,0.0030030030030028243,0.008008008008008716
6.006006006006006,1.0060060060060056,0.10010010010010006,2.0,1.5,0.008008008008007828,0.0030030030030028243
6.016016016016016,1.0160160160160157,0.09409409409409442,2.0,1.5,0.010010010010010006,0.011011011011010652
6.026026026026026,1.0260260260260257,0.07807807807807876,2.0,1.5,0.010010010010010006,0.02102102102102066
6.036036036036036,1.0360360360360357,0.0520520520520531,2.0,1.5,0.010010010010010006,0.031031031031030665
6.046046046046046,1.0460460460460457,0.01601601601601743,2.0,1.5,0.010010010010010006,0.02602602602602655
6.056056056056056,1.0560560560560557,0.0,2.0,1.5,0.010010010010010006,0.008008008008008716
6.066066066066066,1.0660660660660657,0.0,2.0,1.5,0.010010010010010006,0.0
6.076076076076076,1.0760760760760757,0.0,2.0,1.5,0.010010010010010006,0.0
6.086086086086086,1.0860860860860857,0.0,2.0,1.5,0.010010010010010006,0.0
6.096096096096096,1.0960960960960957,0.0,2.0,1.5,0.010010010010010006,0.0
6.106106106106106,1.1061061061061057,0.0,2.0,1.5,0.010010010010010006,0.0
6.116116116116116,1.1161161161161157,0.0,2.0,1.5,0.010010010010010006,0.0
6.126126126126126,1.1261261261261257,0.0,2.0,1.5,0.010010010010010006,0.0
6.136136136136136,1.1361361361361357,0.0,2.0,1.5,0.010010010010010006,0.0
6.146146146146146,1.1461461461461457,0.0,2.0,1.5,0.010010010010010006,0.0
6.156156156156156,1.1561561561561557,0.0,2.0,1.5,0.010010010010010006,0.0
6.166166166166166,1.1661661661661658,0.0,2.0,1.5,0.010010010010010006,0.0
6.176176176176176,1.1761761761761758,0.0,2.0,1.5,0.010010010010010006,0.0
6.186186186186186,1.1861861861861858,0.0,2.0,1.5,0.010010010010010006,0.0
6.196196196196196,1.1961961961961958,0.0,2.0,1.5,0.010010010010010006,0.0
6.206206206206206,1.2062062062062058,0.0,2.0,1.5,0.010010010010010006,0.0
6.216216216216216,1.2162162162162158,0.0,2.0,1.5,0.010010010010010006,0.0
6.226226226226226,1.2262262262262258,0.0,2.0,1.5,0.010010010010010006,0.0
6.236236236236236,1.2362362362362358,0.0,2.0,1.5,0.010010010010010006,0.0
6.246246246246246,1.2462462462462458,0.0,2.0,1.5,0.010010010010010006,0.0
6.256256256256256,1.2562562562562558,0.0,2.0,1.5,0.010010010010010006,0.0
6.266266266266266,1.2662662662662658,0.0,2.0,1.5,0.010010010010010006,0.0
6.276276276276276,1.2762762762762758,0.0,2.0,1.5,0.010010010010010006,0.0
6.286286286286286,1.2862862862862858,0.0,2.0,1.5,0.010010010010010006,0.0
6.296296296296296,1.2962962962962958,0.0,2.0,1.5,0.010010010010010006,0.0
6.306306306306306,1.3063063063063058,0.0,2.0,1.5,0.010010010010010006,0.0
6.316316316316316,1.3163163163163158,0.0,2.0,1.5,0.010010010010010006,0.0
6.326326326326326,1.3263263263263259,0.0,2.0,1.5,0.010010010010010006,0.0
6.336336336336336,1.3363363363363359,0.0,2.0,1.5,0.010010010010010006,0.0
6.346346346346346,1.3463463463463459,0.0,2.0,1.5,0.010010010010010006,0.0
6.356356356356356,1.3563563563563559,0.0,2.0,1.5,0.010010010010010006,4.440892098500626e-16
6.366366366366366,1.3663663663663659,8.881784197001252e-16,2.0,1.5,0.010010010010010006,8.881784197001252e-16
6.376376376376376,1.3763763763763759,1.7763568394002505e-15,2.0,1.5,0.010010010010010006,8.881784197001252e-16
6.386386386386386,1.386386386386386,2.6645352591003757e-15,2.0,1.5,0.010010010010010006,8.881784197001252e-16
6.396396396396396,1.396396396396396,3.552713678800501e-15,2.0,1.5,0.010010010010010006,1.3322676295501878e-15
6.406406406406406,1.406406406406406,0.0,2.0,1.5,0.01001001001001045,1.7763568394002505e-15
6.416416416416417,1.4164164164164168,0.0,2.0,1.5,0.01001001001001045,4.440892098500626e-16
6.426426426426427,1.4264264264264268,8.881784197001252e-16,2.0,1.5,0.010010010010010006,8.881784197001252e-16
6.436436436436437,1.4364364364364368,1.7763568394002505e-15,2.0,1.5,0.010010010010010006,8.881784197001252e-16
6.446446446446447,1.4464464464464468,2.6645352591003757e-15,2.0,1.5,0.010010010010010006,8.881784197001252e-16
6.456456456456457,1.4564564564564568,3.552713678800501e-15,2.0,1.5,0.010010010010010006,1.3322676295501878e-15
6.466466466466467,1.4664664664664668,0.0,2.0,1.5,0.010010010010010006,1.7763568394002505e-15
6.476476476476477,1.4764764764764768,0.0,2.0,1.5,0.010010010010010006,0.0
6.486486486486487,1.4864864864864868,0.0,2.0,1.5,0.010010010010010006,0.0
6.496496496496497,1.4964964964964969,0.0,2.0,1.5,0.010010010010010006,0.0
6.506506506506507,1.5065065065065069,0.0,2.0,1.5,0.010010010010010006,0.0
6.516516516516517,1.5165165165165169,0.0,2.0,1.5,0.010010010010010006,0.0
6.526526526526527,1.5265265265265269,0.0,2.0,1.5,0.010010010010010006,0.0
6.536536536536537,1.5365365365365369,0.0,2.0,1.5,0.010010010010010006,0.0
6.546546546546547,1.5465465465465469,0.0,2.0,1.5,0.010010010010010006,0.0
6.556556556556557,1.556556556556557,0.0,2.0,1.5,0.010010010010010006,0.0
6.566566566566567,1.566566566566567,0.0,2.0,1.5,0.010010010010010006,0.0
6.576576576576577,1.576576576576577,0.0,2.0,1.5,0.010010010010010006,0.0
6.586586586586587,1.586586586586587,0.0,2.0,1.5,0.010010010010010006,0.0
6.596596596596597,1.596596596596597,0.0,2.0,1.5,0.010010010010010006,0.0
6.606606606606607,1.606606606606607,0.0,2.0,1.5,0.010010010010010006,0.0
6.616616616616617,1.616616616616617,0.0,2.0,1.5,0.010010010010010006,0.0
6.626626626626627,1.626626626626627,0.0,2.0,1.5,0.010010010010010006,0.0
6.636636636636637,1.636636636636637,0.0,2.0,1.5,0.010010010010010006,0.0
6.646646646646647,1.646646646646647,0.0,2.0,1.5,0.010010010010010006,0.0
6.656656656656657,1.656656656656657,0.0,2.0,1.5,0.010010010010010006,0.0
6.666666666666667,1.666666666666667,0.0,2.0,1.5,0.010010010010010006,0.0
6.676676676676677,1.676676676676677,0.0,2.0,1.5,0.010010010010010006,0.0
6.686686686686687,1.686686686686687,0.0,2.0,1.5,0.010010010010010006,0.0
6.696696696696697,1.696696696696697,0.0,2.0,1.5,0.010010010010010006,0.0
6.706706706706707,1.706706706706707,0.0,2.0,1.5,0.010010010010010006,0.0
6.716716716716717,1.716716716716717,0.0,2.0,1.5,0.010010010010010006,0.0
6.726726726726727,1.726726726726727,0.0,2.0,1.5,0.010010010010010006,0.0
6.736736736736737,1.736736736736737,0.0,2.0,1.5,0.010010010010010006,0.0
6.746746746746747,1.746746746746747,0.0,2.0,1.5,0.010010010010010006,0.0
6.756756756756757,1.756756756756757,0.0,2.0,1.5,0.010010010010010006,0.0
6.766766766766767,1.766766766766767,0.0,2.0,1.5,0.010010010010010006,0.0
6.776776776776777,1.776776776776777,0.0,2.0,1.5,0.010010010010010006,0.0
6.786786786786787,1.786786786786787,0.0,2.0,1.5,0.010010010010010006,0.0
6.796796796796797,1.796796796796797,0.0,2.0,1.5,0.010010010010010006,0.0
6.806806806806807,1.806806806806807,0.0,2.0,1.5,0.010010010010010006,0.0
6.816816816816817,1.816816816816817,0.0,2.0,1.5,0.010010010010010006,0.0
6.826826826826827,1.826826826826827,0.0,2.0,1.5,0.010010010010010006,0.0
6.836836836836837,1.836836836836837,0.0,2.0,1.5,0.010010010010010006,0.0
6.846846846846847,1.846846846846847,0.0,2.0,1.5,0.010010010010010006,0.0
6.856856856856857,1.856856856856857,0.0,2.0,1.5,0.010010010010010006,0.0
6.866866866866867,1.866866866866867,0.0,2.0,1.5,0.010010010010010006,0.0
6.876876876876877,1.876876876876877,0.0,2.0,1.5,0.010010010010010006,0.0
6.886886886886887,1.886886886886887,0.0,2.0,1.5,0.010010010010010006,0.0
6.896896896896897,1.8968968968968971,0.0,2.0,1.5,0.010010010010010006,0.0
6.906906906906907,1.9069069069069071,0.0,2.0,1.5,0.010010010010010006,0.0
6.916916916916917,1.9169169169169171,0.0,2.0,1.5,0.010010010010010006,0.0
6.926926926926927,1.9269269269269271,0.0,2.0,1.5,0.010010010010010006,0.0
6.936936936936937,1.9369369369369371,0.0,2.0,1.5,0.010010010010010006,0.0
6.946946946946947,1.9469469469469471,0.0,2.0,1.5,0.010010010010010006,0.007007007007007182
6.956956956956957,1.9569569569569571,0.014014014014014364,2.0,1.5,0.010010010010010006,0.02402402402402437
6.966966966966967,1.9669669669669672,0.04804804804804874,2.0,1.5,0.010010010010010006,0.044044044044044384
6.976976976976977,1.9769769769769772,0.10210210210210313,2.0,1.5,0.010010010010010006,0.0640640640640644
6.986986986986987,1.9869869869869872,0.17617617617617753,2.0,1.5,0.010010010010010006,0.0490490490490485
6.996996996996997,1.9969969969969972,0.20020020020020013,2.0,1.5,0.0030030030030028243,0.012012012012011297
7.007007007007007,1.9929929929929928,0.20020020020020013,2.0,0.0,-0.007007007007007182,0.007007007007007182
7.017017017017017,1.9829829829829828,0.18618618618618576,2.0,0.0,-0.010010010010010006,0.02402402402402437
7.027027027027027,1.9729729729729728,0.1521521521521514,2.0,0.0,-0.010010010010010006,0.044044044044044384
7.037037037037037,1.9629629629629628,0.098098098098097,2.0,0.0,-0.010010010010010006,0.0640640640640644
7.047047047047047,1.9529529529529528,0.024024024024022594,2.0,0.0,-0.010010010010010006,0.0490490490490485
7.057057057057057,1.9429429429429428,0.0,2.0,0.0,-0.010010010010010006,0.012012012012011297
7.067067067067067,1.9329329329329328,0.0,2.0,0.0,-0.010010010010010006,0.0
7.077077077077077,1.9229229229229228,0.0,2.0,0.0,-0.010010010010010006,0.0
7.087087087087087,1.9129129129129128,0.0,2.0,0.0,-0.010010010010010006,0.0
7.097097097097097,1.9029029029029028,0.0,2.0,0.0,-0.010010010010010006,0.0
7.107107107107107,1.8928928928928928,0.0,2.0,0.0,-0.010010010010010006,0.0
7.117117117117117,1.8828828828828827,0.0,2.0,0.0,-0.010010010010010006,0.0
7.127127127127127,1.8728728728728727,0.0,2.0,0.0,-0.010010010010010006,0.0
7.137137137137137,1.8628628628628627,0.0,2.0,0.0,-0.010010010010010006,0.0
7.147147147147147,1.8528528528528527,0.0,2.0,0.0,-0.010010010010010006,0.0
7.157157157157157,1.8428428428428427,0.0,2.0,0.0,-0.010010010010010006,0.0
7.167167167167167,1.8328328328328327,0.0,2.0,0.0,-0.010010010010010006,0.0
7.177177177177177,1.8228228228228227,0.0,2.0,0.0,-0.010010010010010006,0.0
7.187187187187187,1.8128128128128127,0.0,2.0,0.0,-0.010010010010010006,0.0
7.197197197197197,1.8028028028028027,0.0,2.0,0.0,-0.010010010010010006,0.0
7.207207207207207,1.7927927927927927,0.0,2.0,0.0,-0.010010010010010006,0.0
7.217217217217217,1.7827827827827827,0.0,2.0,0.0,-0.010010010010010006,0.0
7.227227227227227,1.7727727727727727,0.0,2.0,0.0,-0.010010010010010006,0.0
7.237237237237237,1.7627627627627627,0.0,2.0,0.0,-0.010010010010010006,0.0
7.247247247247247,1.7527527527527527,0.0,2.0,0.0,-0.010010010010010006,0.0
7.257257257257257,1.7427427427427427,0.0,2.0,0.0,-0.010010010010010006,0.0
7.267267267267267,1.7327327327327327,0.0,2.0,0.0,-0.010010010010010006,0.0
7.277277277277277,1.7227227227227226,0.0,2.0,0.0,-0.010010010010010006,0.0
7.287287287287287,1.7127127127127126,0.0,2.0,0.0,-0.010010010010010006,0.0
7.297297297297297,1.7027027027027026,0.0,2.0,0.0,-0.010010010010010006,0.0
7.307307307307307,1.6926926926926926,0.0,2.0,0.0,-0.010010010010010006,0.0
7.317317317317317,1.6826826826826826,0.0,2.0,0.0,-0.010010010010010006,0.0
7.327327327327327,1.6726726726726726,0.0,2.0,0.0,-0.010010010010010006,0.0
7.337337337337337,1.6626626626626626,0.0,2.0,0.0,-0.010010010010010006,0.0
7.347347347347347,1.6526526526526526,0.0,2.0,0.0,-0.010010010010010006,0.0
7.357357357357357,1.6426426426426426,0.0,2.0,0.0,-0.010010010010010006,0.0
7.367367367367367,1.6326326326326326,0.0,2.0,0.0,-0.010010010010010006,0.0
7.377377377377377,1.6226226226226226,0.0,2.0,0.0,-0.010010010010010006,0.0
7.387387387387387,1.6126126126126126,0.0,2.0,0.0,-0.010010010010010006,0.0
7.397397397397397,1.6026026026026026,0.0,2.0,0.0,-0.010010010010010006,0.0
7.407407407407407,1.5925925925925926,0.0,2.0,0.0,-0.010010010010010006,0.0
7.4174174174174174,1.5825825825825826,0.0,2.0,0.0,-0.010010010010010006,0.0
7.4274274274274275,1.5725725725725725,0.0,2.0,0.0,-0.010010010010010006,0.0
7.4374374374374375,1.5625625625625625,0.0,2.0,0.0,-0.010010010010010006,0.0
7.4474474474474475,1.5525525525525525,0.0,2.0,0.0,-0.010010010010010006,0.0
7.4574574574574575,1.5425425425425425,0.0,2.0,0.0,-0.010010010010010006,0.0
7.4674674674674675,1.5325325325325325,0.0,2.0,0.0,-0.010010010010010006,0.0
7.4774774774774775,1.5225225225225225,0.0,2.0,0.0,-0.010010010010010006,0.0
7.4874874874874875,1.5125125125125125,0.0,2.0,0.0,-0.010010010010010006,0.0
7.4974974974974975,1.5025025025025025,0.0,2.0,0.0,-0.010010010010010006,0.0
7.5075075075075075,1.4924924924924925,0.0,2.0,0.0,-0.010010010010010006,0.0
7.5175175175175175,1.4824824824824825,0.0,2.0,0.0,-0.010010010010010006,0.0
7.5275275275275275,1.4724724724724725,0.0,2.0,0.0,-0.010010010010010006,0.0
7.5375375375375375,1.4624624624624625,0.0,2.0,0.0,-0.010010010010010006,0.0
7.5475475475475475,1.4524524524524525,0.0,2.0,0.0,-0.010010010010010006,0.0
7.5575575575575575,1.4424424424424425,0.0,2.0,0.0,-0.010010010010010006,0.0
7.5675675675675675,1.4324324324324325,0.0,2.0,0.0,-0.010010010010010006,0.0
7.5775775775775776,1.4224224224224224,0.0,2.0,0.0,-0.010010010010010006,0.0
7.587587587587588,1.4124124124124124,0.0,2.0,0.0,-0.010010010010010006,0.0
7.597597597597598,1.4024024024024024,0.0,2.0,0.0,-0.010010010010010006,0.0
7.607607607607608,1.3923923923923924,0.0,2.0,0.0,-0.010010010010010006,0.0
7.617617617617618,1.3823823823823824,0.0,2.0,0.0,-0.010010010010010006,0.0
7.627627627627628,1.3723723723723724,0.0,2.0,0.0,-0.010010010010010006,0.0
7.637637637637638,1.3623623623623624,0.0,2.0,0.0,-0.010010010010010006,0.0
7.647647647647648,1.3523523523523524,0.0,2.0,0.0,-0.010010010010010006,0.0
7.657657657657658,1.3423423423423424,0.0,2.0,0.0,-0.010010010010010006,0.0
7.667667667667668,1.3323323323323324,0.0,2.0,0.0,-0.010010010010010006,0.0
7.677677677677678,1.3223223223223224,0.0,2.0,0.0,-0.010010010010010006,0.0
7.687687687687688,1.3123123123123124,0.0,2.0,0.0,-0.010010010010010006,0.0
7.697697697697698,1.3023023023023024,0.0,2.0,0.0,-0.010010010010010006,0.0
7.707707707707708,1.2922922922922924,0.0,2.0,0.0,-0.010010010010010006,0.0
7.717717717717718,1.2822822822822824,0.0,2.0,0.0,-0.010010010010010006,0.0
7.727727727727728,1.2722722722722724,0.0,2.0,0.0,-0.010010010010010006,0.0
7.737737737737738,1.2622622622622623,0.0,2.0,0.0,-0.010010010010010006,0.0
7.747747747747748,1.2522522522522523,0.0,2.0,0.0,-0.010010010010010006,0.0
7.757757757757758,1.2422422422422423,0.0,2.0,0.0,-0.010010010010010006,0.0
7.767767767767768,1.2322322322322323,0.0,2.0,0.0,-0.010010010010010006,0.0
7.777777777777778,1.2222222222222223,0.0,2.0,0.0,-0.010010010010010006,0.0
7.787787787787788,1.2122122122122123,0.0,2.0,0.0,-0.010010010010010006,0.0
7.797797797797798,1.2022022022022023,0.0,2.0,0.0,-0.010010010010010006,0.0
7.807807807807808,1.1921921921921923,0.0,2.0,0.0,-0.010010010010010006,0.0
7.817817817817818,1.1821821821821823,0.0,2.0,0.0,-0.010010010010010006,0.0
7.827827827827828,1.1721721721721723,0.0,2.0,0.0,-0.010010010010010006,0.0
7.837837837837838,1.1621621621621623,0.0,2.0,0.0,-0.010010010010010006,0.0
7.847847847847848,1.1521521521521523,0.0,2.0,0.0,-0.010010010010010006,0.0
7.857857857857858,1.1421421421421423,0.0,2.0,0.0,-0.010010010010010006,0.0
7.867867867867868,1.1321321321321323,0.0,2.0,0.0,-0.010010010010010006,0.0
7.877877877877878,1.1221221221221223,0.0,2.0,0.0,-0.010010010010010006,0.0
7.887887887887888,1.1121121121121122,0.0,2.0,0.0,-0.010010010010010006,0.0
7.897897897897898,1.1021021021021022,0.0,2.0,0.0,-0.010010010010010006,0.0
7.907907907907908,1.0920920920920922,0.0,2.0,0.0,-0.010010010010010006,0.0
7.917917917917918,1.0820820820820822,0.0,2.0,0.0,-0.010010010010010006,0.0
7.927927927927928,1.0720720720720722,0.0,2.0,0.0,-0.010010010010010006,0.0
7.937937937937938,1.0620620620620622,0.0,2.0,0.0,-0.010010010010010006,0.0
7.947947947947948,1.0520520520520522,0.0,2.0,0.0,-0.010010010010010006,0.004004004004003914
7.957957957957958,1.0420420420420422,0.008008008008007828,2.0,0.0,-0.010010010010010006,0.01301301301301283
7.967967967967968,1.0320320320320322,0.02602602602602566,2.0,0.0,-0.010010010010010006,0.023023023023022837
7.977977977977978,1.0220220220220222,0.0540540540540535,2.0,0.0,-0.010010010010010006,0.033033033033032844
7.987987987987988,1.0120120120120122,0.09209209209209135,2.0,0.0,-0.010010010010010006,0.02302302302302328
7.997997997997998,1.0020020020020022,0.10010010010010006,2.0,0.0,-0.006006006006006093,0.004004004004004358
8.008008008008009,1.0,0.10010010010010006,2.0,0.0,-0.0010010010010010895,0.004004004004003914
8.018018018018019,1.0,0.09209209209209224,2.0,0.0,0.0,0.01301301301301283
8.028028028028029,1.0,0.0740740740740744,2.0,0.0,0.0,0.023023023023022837
8.038038038038039,1.0,0.04604604604604656,2.0,0.0,0.0,0.033033033033032844
8.048048048048049,1.0,0.008008008008008716,2.0,0.0,0.0,0.02302302302302328
8.058058058058059,1.0,0.0,2.0,0.0,0.0,0.004004004004004358
8.068068068068069,1.0,0.0,2.0,0.0,0.0,0.0
8.078078078078079,1.0,0.0,2.0,0.0,0.0,0.0
8.088088088088089,1.0,0.0,2.0,0.0,0.0,0.0
8.098098098098099,1.0,0.0,2.0,0.0,0.0,0.0
8.108108108108109,1.0,0.0,2.0,0.0,0.0,0.0
8.118118118118119,1.0,0.0,2.0,0.0,0.0,0.0
8.128128128128129,1.0,0.0,2.0,0.0,0.0,0.0
8.138138138138139,1.0,0.0,2.0,0.0,0.0,0.0
8.148148148148149,1.0,0.0,2.0,0.0,0.0,0.0
8.158158158158159,1.0,0.0,2.0,0.0,0.0,0.0
8.168168168168169,1.0,0.0,2.0,0.0,0.0,0.0
8.178178178178179,1.0,0.0,2.0,0.0,0.0,0.0
8.188188188188189,1.0,0.0,2.0,0.0,0.0,0.0
8.198198198198199,1.0,0.0,2.0,0.0,0.0,0.0
8.208208208208209,1.0,0.0,2.0,0.0,0.0,0.0
8.218218218218219,1.0,0.0,2.0,0.0,0.0,0.0
8.228228228228229,1.0,0.0,2.0,0.0,0.0,0.0
8.238238238238239,1.0,0.0,2.0,0.0,0.0,0.0
8.248248248248249,1.0,0.0,2.0,0.0,0.0,0.0
8.258258258258259,1.0,0.0,2.0,0.0,0.0,0.0
8.268268268268269,1.0,0.0,2.0,0.0,0.0,0.0
8.278278278278279,1.0,0.0,2.0,0.0,0.0,0.0
8.288288288288289,1.0,0.0,2.0,0.0,0.0,0.0
8.298298298298299,1.0,0.0,2.0,0.0,0.0,0.0
8.308308308308309,1.0,0.0,2.0,0.0,0.0,0.0
8.318318318318319,1.0,0.0,2.0,0.0,0.0,0.0
8.328328328328329,1.0,0.0,2.0,0.0,0.0,0.0
8.338338338338339,1.0,0.0,2.0,0.0,0.0,0.0
8.348348348348349,1.0,0.0,2.0,0.0,0.0,0.0
8.358358358358359,1.0,0.0,2.0,0.0,0.0,0.0
8.368368368368369,1.0,0.0,2.0,0.0,0.0,0.0
8.378378378378379,1.0,0.0,2.0,0.0,0.0,0.0
8.388388388388389,1.0,0.0,2.0,0.0,0.0,0.0
8.398398398398399,1.0,0.0,2.0,0.0,0.0,0.0
8.408408408408409,1.0,0.0,2.0,0.0,0.0,0.0
8.418418418418419,1.0,0.0,2.0,0.0,0.0,0.0
8.428428428428429,1.0,0.0,2.0,0.0,0.0,0.0
8.438438438438439,1.0,0.0,2.0,0.0,0.0,0.0
8.448448448448449,1.0,0.0,2.0,0.0,0.0,0.0
8.458458458458459,1.0,0.0,2.0,0.0,0.0,0.0
8.468468468468469,1.0,0.0,2.0,0.0,0.0,0.0
8.478478478478479,1.0,0.0,2.0,0.0,0.0,0.0
8.488488488488489,1.0,0.0,2.0,0.0,0.0,0.0
8.498498498498499,1.0,0.0,2.0,0.0,0.0,0.0
8.508508508508509,1.0,0.0,2.0,0.0,0.0,0.0
8.518518518518519,1.0,0.0,2.0,0.0,0.0,0.0
8.528528528528529,1.0,0.0,2.0,0.0,0.0,0.0
8.538538538538539,1.0,0.0,2.0,0.0,0.0,0.0
8.548548548548549,1.0,0.0,2.0,0.0,0.0,0.0
8.558558558558559,1.0,0.0,2.0,0.0,0.0,0.0
8.568568568568569,1.0,0.0,2.0,0.0,0.0,0.0
8.578578578578579,1.0,0.0,2.0,0.0,0.0,0.0
8.588588588588589,1.0,0.0,2.0,0.0,0.0,0.0
8.598598598598599,1.0,0.0,2.0,0.0,0.0,0.0
8.608608608608609,1.0,0.0,2.0,0.0,0.0,0.0
8.618618618618619,1.0,0.0,2.0,0.0,0.0,0.0
8.62862862862863,1.0,0.0,2.0,0.0,0.0,0.0
8.63863863863864,1.0,0.0,2.0,0.0,0.0,0.0
8.64864864864865,1.0,0.0,2.0,0.0,0.0,0.0
8.65865865865866,1.0,0.0,2.0,0.0,0.0,0.0
8.66866866866867,1.0,0.0,2.0,0.0,0.0,0.0
8.67867867867868,1.0,0.0,2.0,0.0,0.0,0.0
8.68868868868869,1.0,0.0,2.0,0.0,0.0,0.0
8.6986986986987,1.0,0.0,2.0,0.0,0.0,0.0
8.70870870870871,1.0,0.0,2.0,0.0,0.0,0.0
8.71871871871872,1.0,0.0,2.0,0.0,0.0,0.0
8.72872872872873,1.0,0.0,2.0,0.0,0.0,0.0
8.73873873873874,1.0,0.0,2.0,0.0,0.0,0.0
8.74874874874875,1.0,0.0,2.0,0.0,0.0,0.0
8.75875875875876,1.0,0.0,2.0,0.0,0.0,0.0
8.76876876876877,1.0,0.0,2.0,0.0,0.0,0.0
8.77877877877878,1.0,0.0,2.0,0.0,0.0,0.0
8.78878878878879,1.0,0.0,2.0,0.0,0.0,0.0
8.7987987987988,1.0,0.0,2.0,0.0,0.0,0.0
8.80880880880881,1.0,0.0,2.0,0.0,0.0,0.0
8.81881881881882,1.0,0.0,2.0,0.0,0.0,0.0
8.82882882882883,1.0,0.0,2.0,0.0,0.0,0.0
8.83883883883884,1.0,0.0,2.0,0.0,0.0,0.0
8.84884884884885,1.0,0.0,2.0,0.0,0.0,0.0
8.85885885885886,1.0,0.0,2.0,0.0,0.0,0.0
8.86886886886887,1.0,0.0,2.0,0.0,0.0,0.0
8.87887887887888,1.0,0.0,2.0,0.0,0.0,0.0
8.88888888888889,1.0,0.0,2.0,0.0,0.0,0.0
8.8988988988989,1.0,0.0,2.0,0.0,0.0,0.0
8.90890890890891,1.0,0.0,2.0,0.0,0.0,0.0
8.91891891891892,1.0,0.0,2.0,0.0,0.0,0.0
8.92892892892893,1.0,0.0,2.0,0.0,0.0,0.0
8.93893893893894,1.0,0.0,2.0,0.0,0.0,0.0
8.94894894894895,1.0,0.0,2.0,0.0,0.0,0.0
8.95895895895896,1.0,0.0,2.0,0.0,0.0,0.0
8.96896896896897,1.0,0.0,2.0,0.0,0.0,0.0
8.97897897897898,1.0,0.0,2.0,0.0,0.0,0.0
8.98898898898899,1.0,0.0,2.0,0.0,0.0,0.0
8.998998998999,1.0,0.0,2.0,0.0,0.0,0.0
9.00900900900901,1.0,0.0,2.0,0.0,0.0,0.0
9.01901901901902,1.0,0.0,2.0,0.0,0.0,0.0
9.02902902902903,1.0,0.0,2.0,0.0,0.0,0.0
9.03903903903904,1.0,0.0,2.0,0.0,0.0,0.0
9.04904904904905,1.0,0.0,2.0,0.0,0.0,0.0
9.05905905905906,1.0,0.0,2.0,0.0,0.0,0.0
9.06906906906907,1.0,0.0,2.0,0.0,0.0,0.0
9.07907907907908,1.0,0.0,2.0,0.0,0.0,0.0
9.08908908908909,1.0,0.0,2.0,0.0,0.0,0.0
9.0990990990991,1.0,0.0,2.0,0.0,0.0,0.0
9.10910910910911,1.0,0.0,2.0,0.0,0.0,0.0
9.11911911911912,1.0,0.0,2.0,0.0,0.0,0.0
9.12912912912913,1.0,0.0,2.0,0.0,0.0,0.0
9.13913913913914,1.0,0.0,2.0,0.0,0.0,0.0
9.14914914914915,1.0,0.0,2.0,0.0,0.0,0.0
9.15915915915916,1.0,0.0,2.0,0.0,0.0,0.0
9.16916916916917,1.0,0.0,2.0,0.0,0.0,0.0
9.17917917917918,1.0,0.0,2.0,0.0,0.0,0.0
9.18918918918919,1.0,0.0,2.0,0.0,0.0,0.0
9.1991991991992,1.0,0.0,2.0,0.0,0.0,0.0
9.20920920920921,1.0,0.0,2.0,0.0,0.0,0.0
9.21921921921922,1.0,0.0,2.0,0.0,0.0,0.0
9.22922922922923,1.0,0.0,2.0,0.0,0.0,0.0
9.23923923923924,1.0,0.0,2.0,0.0,0.0,0.0
9.24924924924925,1.0,0.0,2.0,0.0,0.0,0.0
9.25925925925926,1.0,0.0,2.0,0.0,0.0,0.0
9.26926926926927,1.0,0.0,2.0,0.0,0.0,0.0
9.27927927927928,1.0,0.0,2.0,0.0,0.0,0.0
9.28928928928929,1.0,0.0,2.0,0.0,0.0,0.0
9.2992992992993,1.0,0.0,2.0,0.0,0.0,0.0
9.30930930930931,1.0,0.0,2.0,0.0,0.0,0.0
9.31931931931932,1.0,0.0,2.0,0.0,0.0,0.0
9.32932932932933,1.0,0.0,2.0,0.0,0.0,0.0
9.33933933933934,1.0,0.0,2.0,0.0,0.0,0.0
9.34934934934935,1.0,0.0,2.0,0.0,0.0,0.0
9.35935935935936,1.0,0.0,2.0,0.0,0.0,0.0
9.36936936936937,1.0,0.0,2.0,0.0,0.0,0.0
9.37937937937938,1.0,0.0,2.0,0.0,0.0,0.0
9.38938938938939,1.0,0.0,2.0,0.0,0.0,0.0
9.3993993993994,1.0,0.0,2.0,0.0,0.0,0.0
9.40940940940941,1.0,0.0,2.0,0.0,0.0,0.0
9.41941941941942,1.0,0.0,2.0,0.0,0.0,0.0
9.42942942942943,1.0,0.0,2.0,0.0,0.0,0.0
9.43943943943944,1.0,0.0,2.0,0.0,0.0,0.0
9.44944944944945,1.0,0.0,2.0,0.0,0.0,0.0
9.45945945945946,1.0,0.0,2.0,0.0,0.0,0.0
9.46946946946947,1.0,0.0,2.0,0.0,0.0,0.0
9.47947947947948,1.0,0.0,2.0,0.0,0.0,0.0
9.48948948948949,1.0,0.0,2.0,0.0,0.0,0.0
9.4994994994995,1.0,0.0,2.0,0.0,0.0,0.0
9.50950950950951,1.0,0.0,2.0,0.0,0.0,0.0
9.51951951951952,1.0,0.0,2.0,0.0,0.0,0.0
9.52952952952953,1.0,0.0,2.0,0.0,0.0,0.0
9.53953953953954,1.0,0.0,2.0,0.0,0.0,0.0
9.54954954954955,1.0,0.0,2.0,0.0,0.0,0.0
9.55955955955956,1.0,0.0,2.0,0.0,0.0,0.0
9.56956956956957,1.0,0.0,2.0,0.0,0.0,0.0
9.57957957957958,1.0,0.0,2.0,0.0,0.0,0.0
9.58958958958959,1.0,0.0,2.0,0.0,0.0,0.0
9.5995995995996,1.0,0.0,2.0,0.0,0.0,0.0
9.60960960960961,1.0,0.0,2.0,0.0,0.0,0.0
9.61961961961962,1.0,0.0,2.0,0.0,0.0,0.0
9.62962962962963,1.0,0.0,2.0,0.0,0.0,0.0
9.63963963963964,1.0,0.0,2.0,0.0,0.0,0.0
9.64964964964965,1.0,0.0,2.0,0.0,0.0,0.0
9.65965965965966,1.0,0.0,2.0,0.0,0.0,0.0
9.66966966966967,1.0,0.0,2.0,0.0,0.0,0.0
9.67967967967968,1.0,0.0,2.0,0.0,0.0,0.0
9.68968968968969,1.0,0.0,2.0,0.0,0.0,0.0
9.6996996996997,1.0,0.0,2.0,0.0,0.0,0.0
9.70970970970971,1.0,0.0,2.0,0.0,0.0,0.0
9.71971971971972,1.0,0.0,2.0,0.0,0.0,0.0
9.72972972972973,1.0,0.0,2.0,0.0,0.0,0.0
9.73973973973974,1.0,0.0,2.0,0.0,0.0,0.0
9.74974974974975,1.0,0.0,2.0,0.0,0.0,0.0
9.75975975975976,1.0,0.0,2.0,0.0,0.0,0.0
9.76976976976977,1.0,0.0,2.0,0.0,0.0,0.0
9.77977977977978,1.0,0.0,2.0,0.0,0.0,0.0
9.78978978978979,1.0,0.0,2.0,0.0,0.0,0.0
9.7997997997998,1.0,0.0,2.0,0.0,0.0,0.0
9.80980980980981,1.0,0.0,2.0,0.0,0.0,0.0
9.81981981981982,1.0,0.0,2.0,0.0,0.0,0.0
9.82982982982983,1.0,0.0,2.0,0.0,0.0,0.0
9.83983983983984,1.0,0.0,2.0,0.0,0.0,0.0
9.84984984984985,1.0,0.0,2.0,0.0,0.0,0.0
9.85985985985986,1.0,0.0,2.0,0.0,0.0,0.0
9.86986986986987,1.0,0.0,2.0,0.0,0.0,0.0
9.87987987987988,1.0,0.0,2.0,0.0,0.0,0.0
9.88988988988989,1.0,0.0,2.0,0.0,0.0,0.0
9.8998998998999,1.0,0.0,2.0,0.0,0.0,0.0
9.90990990990991,1.0,0.0,2.0,0.0,0.0,0.0
9.91991991991992,1.0,0.0,2.0,0.0,0.0,0.0
9.92992992992993,1.0,0.0,2.0,0.0,0.0,0.0
9.93993993993994,1.0,0.0,2.0,0.0,0.0,0.0
9.94994994994995,1.0,0.0,2.0,0.0,0.0,0.0
9.95995995995996,1.0,0.0,2.0,0.0,0.0,0.0
9.96996996996997,1.0,0.0,2.0,0.0,0.0,0.0
9.97997997997998,1.0,0.0,2.0,0.0,0.0,0.0
9.98998998998999,1.0,0.0,2.0,0.0,0.0,0.0
10.0,1.0,0.0,2.0,0.0,0.0,0.0
